,Observation ID,Camera,Exposure Identifier,Exposure Time,l,b,Target,Target Type
0,0721010401,MOS1,S001,104.2,10.4,11.2,PDS 456,QSO RADIO QUIET TYPE 1
1,0721010501,MOS2,S002,98.3,10.4,11.2,PDS 456,QSO RADIO QUIET TYPE 1
2,0721010301,MOS2,S002,96.3,10.4,11.2,PDS 456,QSO RADIO QUIET TYPE 1
3,0721010301,MOS1,S001,96.0,10.4,11.2,PDS 456,QSO RADIO QUIET TYPE 1
4,0604860301,MOS1,S001,95.9,359.7,-7.2,V4046 Sgr,T TAURI STAR
5,0721010501,MOS1,S001,95.4,10.4,11.2,PDS 456,QSO RADIO QUIET TYPE 1
6,0721010201,MOS2,S002,90.0,10.4,11.2,PDS 456,QSO RADIO QUIET TYPE 1
7,0653550301,MOS1,S001,73.2,5.1,-6.2,V4633 Sgr,CV
8,0653550301,PN,S003,63.2,5.1,-6.2,V4633 Sgr,CV
9,0502370201,MOS1,U002,61.8,7.2,1.5,HD 163296,HERBIG AE/BE STAR
10,0500540101,MOS1,U002,50.6,357.2,-4.9,4U 1755-33,LMXRB BLACK HOLE SOFT TRANSIENT
11,0305540701,MOS1,S001,49.5,353.0,16.6,rho Oph,STAR FORMING REGION
12,0693870101,MOS2,S002,47.4,6.4,4.9,PSR J1741-2054,GAMMA RAY SOURCE PULSAR
13,0781710401,MOS2,S002,46.8,3.6,-3.8,CATSJ180839.8,CV
14,0781710401,MOS1,S001,46.1,3.6,-3.8,CATSJ180839.8,CV
15,0781760101,PN,S003,46.0,357.3,-6.1,1RXS J180408.9-34205,LMXRB BURSTER SOFT TRANSIENT
16,0763100101,MOS2,U002,37.6,5.2,-3.4,SAX J1810.8-2609,LMXRB BURSTER SOFT TRANSIENT
17,0763100101,MOS1,U002,35.4,5.2,-3.4,SAX J1810.8-2609,LMXRB BURSTER SOFT TRANSIENT
18,0099760201,MOS1,S001,33.4,7.6,1.4,V2416 SGR,STAR M5
19,0099760201,MOS2,S002,32.8,7.6,1.4,V2416 SGR,STAR M5
20,0075140501,MOS2,S002,26.6,40.1,-3.2,SS433-jet2,X-RAY BINARY BLACK HOLE JETS
21,0021750701,MOS2,S005,26.5,321.5,-15.3,AlphaTrA,STAR K2II
22,0720173001,MOS2,S002,26.4,38.3,-7.3,CoRoT 2a,STAR G7V
23,0720174301,MOS2,S002,26.4,38.3,-7.3,CoRoT 2a,STAR G7V
24,0021750701,MOS1,S004,26.3,321.5,-15.3,AlphaTrA,STAR K2II
25,0720173001,MOS1,S001,26.0,38.3,-7.3,CoRoT 2a,STAR G7V
26,0511581601,MOS1,S002,26.0,346.9,40.7,GRB080120,GAMMA RAY BURSTS
27,0674491501,MOS1,S001,25.6,333.5,-33.7,SPT-CLJ2018-6259,CLUSTER OF GALAXIES (NON-ABELL) WITH COOLING FLOW
28,0674491501,MOS2,S002,25.5,333.5,-33.7,SPT-CLJ2018-6259,CLUSTER OF GALAXIES (NON-ABELL) WITH COOLING FLOW
29,0720174001,MOS1,S001,25.4,38.3,-7.3,CoRoT 2a,STAR G7V
30,0045340101,PN,U002,24.7,315.7,-0.7,Alpha Centauri,UNDEFINED
31,0201902401,MOS2,S002,24.3,28.7,-33.6,RXCJ2048.1-1750,CLUSTER OF GALAXIES
32,0720173701,MOS1,S001,23.7,38.3,-7.3,CoRoT 2a,STAR G7V
33,0021750501,MOS1,S004,23.5,321.5,-15.3,AlphaTrA,STAR K2II
34,0653050301,MOS1,S007,23.2,341.1,-32.9,Abell 3667 NW Shock,CLUSTER OF GALAXIES ABELL CLASS 0
35,0406410101,MOS2,S008,23.0,326.1,14.0,VV 780,INTERACTING GALAXY
36,0720173401,MOS1,S001,22.9,38.3,-7.3,CoRoT 2a,STAR G7V
37,0720173001,PN,S003,22.7,38.3,-7.3,CoRoT 2a,STAR G7V
38,0601741001,MOS2,S008,22.6,323.9,-6.3,IGR J16024-6107,SEYFERT RADIO QUIET TYPE 2
39,0305580101,MOS1,S001,22.5,43.0,0.8,SGR 1900+14,GAMMA RAY BURSTS SOFT REPEATER
40,0672990201,MOS1,U002,22.2,14.9,-42.4,1FGL J2112.5-3044,GAMMA RAY SOURCE PULSAR
41,0724690501,MOS1,S001,22.0,39.6,-6.1,HD 182640,STAR F0V
42,0400460301,MOS2,S004,21.9,6.2,-38.3,HD 197890,STAR K0V
43,0305580201,MOS1,S001,21.9,43.0,0.8,SGR 1900+14,GAMMA RAY BURSTS SOFT REPEATER
44,0720174101,MOS2,S002,21.8,38.3,-7.3,CoRoT 2a,STAR G7V
45,0724690501,MOS2,S002,21.7,39.6,-6.1,HD 182640,STAR F0V
46,0099760201,PN,S003,21.7,7.6,1.4,V2416 SGR,STAR M5
47,0400460301,MOS1,S003,21.5,6.2,-38.3,HD 197890,STAR K0V
48,0720280101,MOS2,S002,21.4,326.1,17.4,IG RJ14488-4008,SEYFERT RADIO QUIET TYPE 1
49,0720280101,MOS1,S001,21.4,326.1,17.4,IG RJ14488-4008,SEYFERT RADIO QUIET TYPE 1
50,0724770201,MOS2,S002,21.1,341.0,-35.9,SPT-CL-J2031-5638,CLUSTER OF GALAXIES (NON-ABELL)
51,0724770201,MOS1,S001,20.9,341.0,-35.9,SPT-CL-J2031-5638,CLUSTER OF GALAXIES (NON-ABELL)
52,0653050601,MOS1,S007,20.9,341.4,-33.1,Abell 3667 NW Shock,CLUSTER OF GALAXIES ABELL CLASS 0
53,0784370301,MOS1,S001,20.7,346.3,-40.5,ESO 235-IG 026,AGN UNCLASSIFIED
54,0502510501,PN,S003,20.4,36.0,-20.8,PKS2008-068,RADIO GALAXY RADIO LOUD FLAT RADIO SP
55,0720174101,MOS1,S001,20.4,38.3,-7.3,CoRoT 2a,STAR G7V
56,0305590401,MOS1,S001,20.3,38.2,-7.7,176B,UNIDENTIFIED
57,0201730201,MOS2,S002,20.2,36.1,8.3,NGC 6633,OPEN STAR CLUSTER
58,0307001901,MOS1,S001,20.1,329.1,-7.1,ESO 137-G34,SEYFERT RADIO QUIET TYPE 2
59,0692930101,MOS1,S001,19.7,345.5,-39.3,PLCKESZG345.40-39.34,CLUSTER OF GALAXIES (NON-ABELL)
60,0720174301,PN,S003,19.6,38.3,-7.3,CoRoT 2a,STAR G7V
61,0201500301,MOS2,S002,19.4,31.9,-1.1,AX J1853.3-0128,X-RAY PULSATOR
62,0305580101,PN,S003,19.2,43.0,0.8,SGR 1900+14,GAMMA RAY BURSTS SOFT REPEATER
63,0741700301,MOS2,S002,19.1,315.7,-0.7,alpha Cen,STAR G2V
64,0741700301,MOS1,S001,18.9,315.7,-0.7,alpha Cen,STAR G2V
65,0742820101,MOS2,S003,18.7,38.0,-0.1,2FGL J1901.1+0427,GAMMA RAY SOURCE
66,0690800301,MOS2,S002,18.2,315.7,-0.7,alpha Cen,STAR G2V
67,0207010201,MOS2,S002,17.9,31.1,0.2,PSR J1847-0130,RADIO PULSAR
68,0741680101,PN,S003,17.7,356.3,33.6,HD 140283,STAR F3V
69,0674491501,PN,S003,17.6,333.5,-33.7,SPT-CLJ2018-6259,CLUSTER OF GALAXIES (NON-ABELL) WITH COOLING FLOW
70,0406140201,MOS1,S001,17.5,29.8,-0.7,IGR J18483-0311,UNIDENTIFIED
71,0744390401,MOS2,S002,17.5,340.2,-33.2,RXCJ2011.3-5725,CLUSTER OF GALAXIES (NON-ABELL)
72,0305580201,PN,S003,17.4,43.0,0.8,SGR 1900+14,GAMMA RAY BURSTS SOFT REPEATER
73,0201902401,PN,S003,17.4,28.7,-33.6,RXCJ2048.1-1750,CLUSTER OF GALAXIES
74,0784770601,MOS2,S002,17.3,27.3,-26.2,PSR J2017-16,RADIO PULSAR
75,0720581101,MOS1,S001,17.0,315.7,-0.7,alpha Cen,STAR G2V
76,0784770601,MOS1,S001,16.9,27.3,-26.2,PSR J2017-16,RADIO PULSAR
77,0692830301,MOS2,S002,16.8,328.2,4.8,2FGL J1536.4-4949,GAMMA RAY SOURCE
78,0601830501,MOS1,S001,16.8,349.6,-42.8,NGC7029,ELLIPTICAL GALAXY
79,0692830301,MOS1,S001,16.8,328.2,4.8,2FGL J1536.4-4949,GAMMA RAY SOURCE
80,0656201701,MOS1,S001,16.6,337.1,-26.0,PLCK G337.1-26.0,CLUSTER OF GALAXIES
81,0744940101,MOS2,S002,16.6,40.5,-19.0,WASP-80,STAR K0
82,0744250401,MOS1,S001,16.6,40.1,15.5,MAXI J1807+132,SUPERMASSIVE BLACK HOLE
83,0744940101,MOS1,S001,16.4,40.5,-19.0,WASP-80,STAR K0
84,0400460401,MOS1,S003,16.4,6.2,-38.3,HD 197890,STAR K0V
85,0762950101,PN,S003,16.4,20.9,38.0,PSZ1G020.72+38.01,CLUSTER OF GALAXIES (NON-ABELL)
86,0307001901,PN,S003,16.4,329.1,-7.1,ESO 137-G34,SEYFERT RADIO QUIET TYPE 2
87,0765000301,MOS2,S002,16.4,17.8,-39.6,A3733,CLUSTER OF GALAXIES ABELL CLASS 2 WITH COOLING FLOW
88,0674490401,PN,S003,16.3,341.2,-36.1,SPT-CLJ2032-5627,CLUSTER OF GALAXIES (NON-ABELL) WITH COOLING FLOW
89,0400460401,MOS2,S004,16.1,6.2,-38.3,HD 197890,STAR K0V
90,0765000301,MOS1,S001,15.9,17.8,-39.6,A3733,CLUSTER OF GALAXIES ABELL CLASS 2 WITH COOLING FLOW
91,0673420101,MOS1,S001,15.9,327.4,-15.8,LSQ 172554.8-643839,CV AM HER (POLAR) ECLIPSING
92,0301880901,MOS2,S002,15.9,29.1,1.5,G28.8+1.5,SNR
93,0760290301,MOS2,S002,15.7,315.7,-0.7,Alpha Cen,STAR G2V
94,0301880901,MOS1,S001,15.5,29.1,1.5,G28.8+1.5,SNR
95,0692933801,MOS1,S001,15.5,347.2,-27.4,PLCKESZG347.18-27.35,CLUSTER OF GALAXIES (NON-ABELL)
96,0305590401,PN,S003,15.4,38.2,-7.7,176B,UNIDENTIFIED
97,0720174001,PN,S003,15.4,38.3,-7.3,CoRoT 2a,STAR G7V
98,0720173401,PN,S003,15.3,38.3,-7.3,CoRoT 2a,STAR G7V
99,0201730301,MOS2,S002,15.1,36.1,8.3,NGC 6633,OPEN STAR CLUSTER
100,0304200401,MOS1,S001,15.1,329.8,3.4,HD 330075,STAR G0V
101,0720280101,PN,S003,15.1,326.1,17.4,IG RJ14488-4008,SEYFERT RADIO QUIET TYPE 1
102,0653050301,PN,S009,14.9,341.1,-32.9,Abell 3667 NW Shock,CLUSTER OF GALAXIES ABELL CLASS 0
103,0410580101,MOS2,S003,14.9,43.0,0.8,SGR 1900+14,X-RAY BINARY
104,0410580101,MOS1,S002,14.9,43.0,0.8,SGR 1900+14,X-RAY BINARY
105,0724770201,PN,S003,14.9,341.0,-35.9,SPT-CL-J2031-5638,CLUSTER OF GALAXIES (NON-ABELL)
106,0410581901,MOS2,S003,14.8,327.2,-0.1,1E 1547.0-5408,ANOMALOUS X-RAY PULSAR
107,0021750501,PN,S006,14.8,321.5,-15.3,AlphaTrA,STAR K2II
108,0653050601,PN,S009,14.7,341.4,-33.1,Abell 3667 NW Shock,CLUSTER OF GALAXIES ABELL CLASS 0
109,0153190101,MOS1,U002,14.7,353.8,7.3,X1658-298,LMXRB BURSTER ECLIPSING DIPPER
110,0692932401,MOS2,S003,14.6,0.4,-41.9,PLCKESZG000.44-41.83,CLUSTER OF GALAXIES (NON-ABELL)
111,0652010301,PN,S003,14.5,22.2,-38.8,RXCJ2102.1-2431,CLUSTER OF GALAXIES (NON-ABELL)
112,0307001101,MOS1,S001,14.5,326.8,25.2,IRAS 14317-3237,SEYFERT RADIO QUIET TYPE 2
113,0674490601,MOS1,S001,14.5,332.9,-34.1,SPT-CLJ2022-6324,CLUSTER OF GALAXIES (NON-ABELL) WITH COOLING FLOW
114,0760290301,MOS1,S001,14.4,315.7,-0.7,Alpha Cen,STAR G2V
115,0203020201,MOS2,S002,14.3,7.7,-36.9,ABELL 3705,CLUSTER OF GALAXIES ABELL CLASS 2
116,0136030201,MOS1,S009,14.2,38.6,-0.0,G38.55+0.0,SNR SHELL
117,0201730201,PN,S003,14.0,36.1,8.3,NGC 6633,OPEN STAR CLUSTER
118,0085180501,MOS1,S001,14.0,35.7,-4.1,Aql X-1,UNCLASSIFIED
119,0720174101,PN,S003,13.9,38.3,-7.3,CoRoT 2a,STAR G7V
120,0691250401,MOS2,S002,13.9,332.2,-21.8,AM 1827-625,STARBURST GALAXY
121,0553640201,PN,U002,13.8,40.4,-1.0,MGRO 1908+06,UNIDENTIFIED
122,0150190201,MOS2,S002,13.8,339.9,-31.3,V393 Pav,CV AM HER (POLAR)
123,0691320701,MOS2,S002,13.7,17.9,-34.3,BZBJ2038-2636,BL LAC RADIO LOUD FLAT RADIO SP
124,0720581101,PN,S003,13.7,315.7,-0.7,alpha Cen,STAR G2V
125,0067340601,MOS2,S002,13.6,20.0,40.0,Field VI,X-RAY BACKGROUND
126,0085200401,MOS2,S005,13.5,41.1,-0.3,3C397,SNR
127,0067340601,MOS1,S001,13.4,20.0,40.0,Field VI,X-RAY BACKGROUND
128,0136030201,MOS2,S010,13.4,38.6,-0.0,G38.55+0.0,SNR SHELL
129,0765000301,PN,S003,13.4,17.8,-39.6,A3733,CLUSTER OF GALAXIES ABELL CLASS 2 WITH COOLING FLOW
130,0406140201,PN,S003,13.3,29.8,-0.7,IGR J18483-0311,UNIDENTIFIED
131,0679180201,MOS1,S002,13.3,352.1,-24.0,PLCK G352.1-24.0,CLUSTER OF GALAXIES
132,0067340401,MOS2,S002,13.3,25.0,20.0,Field IV,X-RAY BACKGROUND
133,0402780501,MOS1,S001,13.2,12.8,39.1,J155855.79+024833.9,RADIO GALAXY RADIO LOUD TYPE 1
134,0741891801,PN,S001,13.1,29.7,10.7,NPS 18,X-RAY BACKGROUND
135,0742820101,PN,U002,13.1,38.0,-0.1,2FGL J1901.1+0427,GAMMA RAY SOURCE
136,0673540501,MOS2,S002,13.0,335.7,8.5,HD 142527,HERBIG AE/BE STAR
137,0405390401,MOS1,S002,12.9,323.4,-1.7,IGRJ15359-5750,UNIDENTIFIED
138,0670380401,MOS2,U002,12.9,5.2,-30.9,Gl 783,STAR K2V
139,0741700301,PN,S003,12.8,315.7,-0.7,alpha Cen,STAR G2V
140,0692930101,PN,S003,12.8,345.5,-39.3,PLCKESZG345.40-39.34,CLUSTER OF GALAXIES (NON-ABELL)
141,0690210101,MOS2,S002,12.7,318.9,9.2,HD 127381,STAR B1V
142,0744940101,PN,S003,12.6,40.5,-19.0,WASP-80,STAR K0
143,0655380901,PN,S003,12.6,10.0,41.5,NGC5990,SEYFERT RADIO QUIET TYPE 2
144,0673420101,PN,S003,12.4,327.4,-15.8,LSQ 172554.8-643839,CV AM HER (POLAR) ECLIPSING
145,0306050901,MOS1,S001,12.3,342.0,36.3,NGC5793,UNDEFINED
146,0762800401,MOS2,S002,12.1,4.0,-42.0,G003.95-42.01,CLUSTER OF GALAXIES ABELL CLASS >2
147,0677181901,MOS1,S001,12.1,8.4,25.9,RXCJ1633.8-0738,CLUSTER OF GALAXIES ABELL CLASS 1
148,0202611401,MOS2,S002,12.0,315.7,-0.7,ALPHA CEN,STAR G2V
149,0654550801,PN,S003,11.9,315.7,-0.7,alpha Cen,STAR G2V
150,0067340501,MOS1,S001,11.9,20.0,30.0,Field V,X-RAY BACKGROUND
151,0301880901,PN,S003,11.8,29.1,1.5,G28.8+1.5,SNR
152,0202611401,MOS1,S001,11.6,315.7,-0.7,ALPHA CEN,STAR G2V
153,0692830301,PN,S003,11.4,328.2,4.8,2FGL J1536.4-4949,GAMMA RAY SOURCE
154,0205920401,MOS2,S002,11.4,350.4,-32.6,PKS 2005-489,BL LAC RADIO LOUD FLAT RADIO SP
155,0081340601,MOS2,S002,11.3,22.2,19.4,IRAS17208-00,IR GALAXY
156,0112440401,MOS2,S002,11.3,35.7,-4.1,Aql X-1,LMXRB QPO AND PULSAR SOFT TRANSIENT
157,0741892201,MOS2,S003,11.2,28.8,7.4,NPS 7,X-RAY BACKGROUND
158,0112440401,MOS1,S001,11.2,35.7,-4.1,Aql X-1,LMXRB QPO AND PULSAR SOFT TRANSIENT
159,0720340601,MOS1,S001,11.2,337.8,-32.0,NU Pav,STAR M6III
160,0722160501,MOS1,U002,11.1,13.0,-35.4,ASASSN-15oi,SUPERMASSIVE BLACK HOLE
161,0306170201,MOS2,S002,11.0,32.7,0.5,IGR J18490-0000,UNIDENTIFIED
162,0783012401,PN,S003,11.0,43.5,-9.6,NO Aql,STAR M4III
163,0720340601,MOS2,S002,10.9,337.8,-32.0,NU Pav,STAR M6III
164,0651281101,MOS1,S001,10.8,24.4,-17.8,PKS 1938-15,RADIO GALAXY RADIO LOUD STEEP RADIO SP
165,0085680601,MOS1,S002,10.8,338.9,-4.3,GX 339-4,LMXRB GLOBULAR CLUSTER BLACK HOLE
166,0205920401,MOS1,S001,10.7,350.4,-32.6,PKS 2005-489,BL LAC RADIO LOUD FLAT RADIO SP
167,0785130301,MOS1,S001,10.5,349.3,24.1,HD 142097,STAR A5V
168,0410580101,PN,S001,10.3,43.0,0.8,SGR 1900+14,X-RAY BINARY
169,0765000101,MOS1,S001,10.3,346.4,-41.4,RXCJ2104.9-5149,CLUSTER OF GALAXIES ABELL CLASS 2 WITH COOLING FLOW
170,0690170701,MOS1,S001,10.2,0.7,-35.7,RXCJ2031.8-4037,CLUSTER OF GALAXIES ABELL CLASS 2
171,0650383001,MOS1,S001,10.2,6.3,27.1,MACSJ1625-08,CLUSTER OF GALAXIES (NON-ABELL)
172,0741892201,MOS1,S002,10.2,28.8,7.4,NPS 7,X-RAY BACKGROUND
173,0785130301,MOS2,S002,10.1,349.3,24.1,HD 142097,STAR A5V
174,0201730101,MOS2,S002,10.1,36.1,8.3,NGC 6633,OPEN STAR CLUSTER
175,0651281201,PN,S003,10.0,12.2,37.0,PKS 1602+01,RADIO GALAXY RADIO LOUD STEEP RADIO SP
176,0721910701,MOS2,S002,10.0,328.6,-17.9,PGC 60849,IRREGULAR GALAXY
177,0201730101,MOS1,S001,10.0,36.1,8.3,NGC 6633,OPEN STAR CLUSTER
178,0654470501,MOS2,S002,10.0,332.2,23.9,Cen X-4,LMXRB BURSTER SOFT TRANSIENT
179,0652660201,MOS1,S001,9.9,337.2,-18.1,ESO182-007,ELLIPTICAL GALAXY
180,0692933801,PN,S003,9.9,347.2,-27.4,PLCKESZG347.18-27.35,CLUSTER OF GALAXIES (NON-ABELL)
181,0065820501,MOS2,S008,9.9,31.6,5.3,Serpens exposure 1,STAR FORMING REGION
182,0721830701,MOS1,S001,9.8,27.1,32.9,J164313.8+095417,GALAXY
183,0690210101,PN,S003,9.8,318.9,9.2,HD 127381,STAR B1V
184,0301880401,MOS2,S002,9.8,27.8,0.6,G27.8+0.6,SNR
185,0679180101,PN,S001,9.7,348.4,-25.5,PLCK G348.4-25.5,CLUSTER OF GALAXIES
186,0784770401,MOS1,S001,9.7,10.7,30.7,PSR J1622-03,RADIO PULSAR
187,0690210401,MOS2,S002,9.7,10.7,-19.0,HD182180,STAR B2V
188,0721830701,MOS2,S002,9.7,27.1,32.9,J164313.8+095417,GALAXY
189,0674330501,MOS1,S001,9.7,329.9,20.5,PKS 1454-354,BL LAC RADIO LOUD/FLAT SPECT FLAT RADIO SP
190,0201730301,PN,S003,9.6,36.1,8.3,NGC 6633,OPEN STAR CLUSTER
191,0021750401,MOS1,S004,9.6,321.5,-15.3,AlphaTrA,STAR K2II
192,0744390401,PN,S003,9.5,340.2,-33.2,RXCJ2011.3-5725,CLUSTER OF GALAXIES (NON-ABELL)
193,0306050901,PN,S003,9.4,342.0,36.3,NGC5793,UNDEFINED
194,0044350501,MOS2,S002,9.4,31.4,-22.0,IRAS20051-1117,SEYFERT
195,0652350301,MOS1,S001,9.4,338.4,16.6,Sz 67,T TAURI STAR
196,0722250201,MOS1,S001,9.1,37.8,1.2,2FGL J1856.2+0450c,GAMMA RAY SOURCE PULSAR
197,0081340601,MOS1,S001,9.1,22.2,19.4,IRAS17208-00,IR GALAXY
198,0691030601,MOS1,S001,9.1,20.6,10.1,Y Oph,STAR K0V
199,0110011401,MOS1,S003,9.1,315.4,-2.1,RCW 86 (NW),OB ASSOCIATION/HII REGION
200,0302970801,PN,S003,9.0,30.3,-0.5,SB-1,CLOUD
201,0301880401,MOS1,S001,9.0,27.8,0.6,G27.8+0.6,SNR
202,0677181801,MOS1,S001,9.0,329.0,29.2,RXCJ1435.0-2821,CLUSTER OF GALAXIES ABELL CLASS 1
203,0021750101,MOS1,S004,8.9,321.5,-15.3,AlphaTrA,STAR K2II
204,0044350501,MOS1,S001,8.9,31.4,-22.0,IRAS20051-1117,SEYFERT
205,0044741401,MOS2,S005,8.8,29.9,11.4,70 Oph,STAR K0V
206,0051940401,MOS1,S001,8.8,19.8,-0.3,XGPS_004,EXTENDED GALACTIC OR EXTRAGALACTIC
207,0654470501,MOS1,S001,8.7,332.2,23.9,Cen X-4,LMXRB BURSTER SOFT TRANSIENT
208,0762800401,PN,S003,8.2,4.0,-42.0,G003.95-42.01,CLUSTER OF GALAXIES ABELL CLASS >2
209,0679181501,PN,S001,8.2,329.5,-22.7,PLCK G329.5-22.7,CLUSTER OF GALAXIES
210,0741581601,MOS1,S001,8.1,21.4,-40.1,ABELL 3744,GROUP OF GALAXIES
211,0658200301,PN,S002,8.1,19.1,31.2,PLCK G019.1+31.2,CLUSTER OF GALAXIES
212,0109130601,MOS2,S003,8.0,329.8,-23.2,ESO103-G35,SEYFERT TYPE 2
213,0679180201,PN,S001,8.0,352.1,-24.0,PLCK G352.1-24.0,CLUSTER OF GALAXIES
214,0550120301,MOS1,U002,8.0,338.9,14.5,GQ Lup,T TAURI STAR
215,0051940501,MOS1,S001,8.0,20.2,0.3,XGPS_005,EXTENDED GALACTIC OR EXTRAGALACTIC
216,0303180101,MOS2,S002,8.0,340.7,26.8,GW Lib,CV DWARF NOVA SU UMA TYPE
217,0602731101,MOS1,S001,8.0,1.3,21.0,RNO 90,T TAURI STAR
218,0085280201,MOS2,S002,7.9,18.4,16.0,NGC6366,LMXRB GLOBULAR CLUSTER
219,0200430601,MOS2,S002,7.9,345.9,-34.5,IC4995,SEYFERT RADIO QUIET TYPE 2
220,0721910701,PN,S003,7.8,328.6,-17.9,PGC 60849,IRREGULAR GALAXY
221,0652350601,PN,S003,7.7,343.2,14.8,RXJ1603.2-3239,T TAURI STAR
222,0741581601,MOS2,S002,7.7,21.4,-40.1,ABELL 3744,GROUP OF GALAXIES
223,0690170701,PN,S003,7.6,0.7,-35.7,RXCJ2031.8-4037,CLUSTER OF GALAXIES ABELL CLASS 2
224,0722250201,PN,U002,7.4,37.8,1.2,2FGL J1856.2+0450c,GAMMA RAY SOURCE PULSAR
225,0044740101,MOS2,S005,7.4,29.9,11.4,70 Oph,STAR K0V
226,0211080201,MOS2,S002,7.4,38.6,-10.0,SA111-1925,STAR A0
227,0303180101,MOS1,S001,7.3,340.7,26.8,GW Lib,CV DWARF NOVA SU UMA TYPE
228,0742520201,MOS1,S001,7.3,42.3,3.1,PSR J1857+0943,RADIO PULSAR
229,0211080201,MOS1,S001,7.3,38.6,-10.0,SA111-1925,STAR A0
230,0201500201,MOS2,S002,7.3,32.3,-1.0,AX J1853.5-0103,X-RAY PULSATOR
231,0203020201,PN,U002,7.3,7.7,-36.9,ABELL 3705,CLUSTER OF GALAXIES ABELL CLASS 2
232,0051940101,MOS1,S001,7.2,19.4,0.3,XGPS_001,EXTENDED GALACTIC OR EXTRAGALACTIC
233,0721830701,PN,S003,7.2,27.1,32.9,J164313.8+095417,GALAXY
234,0406750201,MOS1,S001,7.2,333.8,0.1,AX J1621.9-4939,UNIDENTIFIED
235,0306171201,MOS1,S001,7.2,335.7,-5.5,IGR J16558-5203,SEYFERT TYPE 1
236,0652350501,MOS1,S001,7.1,337.4,9.6,RY Lup,T TAURI STAR
237,0109463301,MOS1,S001,7.0,1.3,-33.9,RX J2022-39,CV AM HER (POLAR)
238,0051940201,MOS2,S002,7.0,19.4,-0.3,XGPS_002,UNDEFINED
239,0135745701,MOS1,S001,7.0,21.4,0.3,XGPS_012,EXTENDED GALACTIC OR EXTRAGALACTIC
240,0691030601,PN,S003,6.9,20.6,10.1,Y Oph,STAR K0V
241,0780070501,MOS1,S001,6.9,319.5,-4.8,WR69,WOLF RAYET STAR WC9-11
242,0679990701,MOS1,S002,6.8,359.9,-17.8,Coronet Cluster,STAR FORMING REGION
243,0112440301,MOS1,S001,6.7,35.7,-4.1,Aql X-1,LMXRB QPO AND PULSAR SOFT TRANSIENT
244,0021750101,PN,S006,6.6,321.5,-15.3,AlphaTrA,STAR K2II
245,0300810301,MOS2,S002,6.6,341.5,-27.8,NGC 6799,ELLIPTICAL GALAXY
246,0652350301,PN,S003,6.6,338.4,16.6,Sz 67,T TAURI STAR
247,0101640601,MOS2,S003,6.5,20.7,27.3,NGC 6240,IR GALAXY RADIO QUIET TYPE 2
248,0722160701,PN,S001,6.5,13.0,-35.4,ASASSN-15oi,SUPERMASSIVE BLACK HOLE
249,0744250301,MOS1,S001,6.5,40.1,15.5,MAXI J1807+132,SUPERMASSIVE BLACK HOLE
250,0550120301,PN,U002,6.4,338.9,14.5,GQ Lup,T TAURI STAR
251,0044350501,PN,S003,6.4,31.4,-22.0,IRAS20051-1117,SEYFERT
252,0677181801,PN,S003,6.4,329.0,29.2,RXCJ1435.0-2821,CLUSTER OF GALAXIES ABELL CLASS 1
253,0067340401,PN,S003,6.3,25.0,20.0,Field IV,X-RAY BACKGROUND
254,0152630301,MOS2,S002,6.3,345.0,24.0,SXRB_3,X-RAY BACKGROUND
255,0200020201,MOS1,S001,6.3,357.6,-43.8,LBQS 2111-4335,QSO
256,0202890101,MOS1,S001,6.3,352.1,32.5,HP LIB,CV AM HER (POLAR)
257,0135740701,MOS2,S002,6.2,20.6,0.3,XGPS_007,EXTENDED GALACTIC OR EXTRAGALACTIC
258,0674490301,MOS2,S002,6.2,341.0,-35.9,SPT-CLJ2031-5638,CLUSTER OF GALAXIES (NON-ABELL) WITH COOLING FLOW
259,0765000101,PN,S003,6.2,346.4,-41.4,RXCJ2104.9-5149,CLUSTER OF GALAXIES ABELL CLASS 2 WITH COOLING FLOW
260,0743520201,MOS2,U002,6.1,35.7,-4.1,Aql X-1,LMXRB
261,0164561201,PN,S003,6.1,36.7,4.9,IGR J18410-0535,HMXRB SUPERGIANT
262,0203910101,MOS2,S002,6.1,327.2,-0.1,AX J155052-5418,X-RAY PULSATOR
263,0673540801,MOS2,S002,6.1,349.9,23.5,HD 142666,HERBIG AE/BE STAR
264,0785131401,MOS2,S002,6.0,349.3,24.1,HD 142097,STAR A5V
265,0650383101,MOS1,S001,6.0,18.9,28.7,MACSJ1644+01,CLUSTER OF GALAXIES (NON-ABELL)
266,0044741401,PN,S002,5.9,29.9,11.4,70 Oph,STAR K0V
267,0085200501,MOS1,U002,5.9,41.1,-0.3,3C397,SNR
268,0651281101,PN,S003,5.8,24.4,-17.8,PKS 1938-15,RADIO GALAXY RADIO LOUD STEEP RADIO SP
269,0791580301,MOS2,S003,5.8,358.6,-17.2,RXJ1856.6-3754,ISOLATED NEUTRON STAR
270,0674490301,MOS1,S001,5.8,341.0,-35.9,SPT-CLJ2031-5638,CLUSTER OF GALAXIES (NON-ABELL) WITH COOLING FLOW
271,0677181901,PN,S003,5.7,8.4,25.9,RXCJ1633.8-0738,CLUSTER OF GALAXIES ABELL CLASS 1
272,0652660201,PN,S003,5.6,337.2,-18.1,ESO182-007,ELLIPTICAL GALAXY
273,0741580801,PN,S003,5.5,17.8,-39.6,ABELL 3733,GROUP OF GALAXIES
274,0140950101,PN,S003,5.5,321.4,15.0,NGC5643,SEYFERT RADIO QUIET TYPE 2
275,0067340501,PN,S003,5.5,20.0,30.0,Field V,X-RAY BACKGROUND
276,0203910201,MOS2,S002,5.4,31.3,-0.1,AX J184848-0129,X-RAY PULSATOR
277,0690210401,PN,S003,5.4,10.7,-19.0,HD182180,STAR B2V
278,0551022901,PN,S003,5.4,331.5,-23.5,SCR J1845-6357,STAR M8V
279,0110011401,PN,S005,5.2,315.4,-2.1,RCW 86 (NW),OB ASSOCIATION/HII REGION
280,0741581601,PN,S003,5.2,21.4,-40.1,ABELL 3744,GROUP OF GALAXIES
281,0679990901,PN,S001,5.2,359.9,-17.8,Coronet Cluster,STAR FORMING REGION
282,0135745701,PN,S003,5.1,21.4,0.3,XGPS_012,EXTENDED GALACTIC OR EXTRAGALACTIC
283,0742520201,PN,S003,5.0,42.3,3.1,PSR J1857+0943,RADIO PULSAR
284,0085280201,PN,S003,4.9,18.4,16.0,NGC6366,LMXRB GLOBULAR CLUSTER
285,0654470401,PN,S003,4.9,332.2,23.9,Cen X-4,LMXRB BURSTER SOFT TRANSIENT
286,0692210301,PN,S003,4.8,36.6,-0.9,PSR J1901+0254,RADIO PULSAR
287,0304960101,MOS1,U002,4.7,352.6,20.2,PSR J1614-2230,RADIO PULSAR
288,0784771001,PN,S003,4.7,343.9,-29.6,PSR J1946-54,RADIO PULSAR
289,0044740101,PN,S002,4.7,29.9,11.4,70 Oph,STAR K0V
290,0044350201,MOS2,U002,4.6,31.4,-22.0,IRAS20051-1117,SEYFERT
291,0690210201,PN,S003,4.5,329.2,10.3,HD136504,STAR B2V
292,0200430601,PN,S003,4.5,345.9,-34.5,IC4995,SEYFERT RADIO QUIET TYPE 2
293,0111090601,PN,S003,4.5,327.6,14.4,SN 1006 SE,SNR
294,0203910101,PN,S003,4.5,327.2,-0.1,AX J155052-5418,X-RAY PULSATOR
295,0051940501,PN,S003,4.4,20.2,0.3,XGPS_005,EXTENDED GALACTIC OR EXTRAGALACTIC
296,0742340301,PN,S003,4.4,348.1,21.2,HD 142990,STAR B5V
297,0300240901,MOS2,S002,4.4,333.2,-23.1,Fairall 51,SEYFERT TYPE 1
298,0679380601,PN,S003,4.3,349.3,-25.0,XMMSL1 J192252.3-483,STAR K0
299,0306171201,PN,S003,4.2,335.7,-5.5,IGR J16558-5203,SEYFERT TYPE 1
300,0051940101,PN,U002,4.2,19.4,0.3,XGPS_001,EXTENDED GALACTIC OR EXTRAGALACTIC
301,0147420401,PN,S002,4.2,20.7,27.3,NGC 6240,IR GALAXY RADIO QUIET TYPE 2
302,0303180101,PN,S003,4.2,340.7,26.8,GW Lib,CV DWARF NOVA SU UMA TYPE
303,0200020201,PN,S003,4.1,357.6,-43.8,LBQS 2111-4335,QSO
304,0650383101,PN,S003,4.1,18.9,28.7,MACSJ1644+01,CLUSTER OF GALAXIES (NON-ABELL)
305,0109463301,PN,S003,4.0,1.3,-33.9,RX J2022-39,CV AM HER (POLAR)
306,0679990701,PN,S001,3.9,359.9,-17.8,Coronet Cluster,STAR FORMING REGION
307,0679990801,PN,S001,3.6,359.9,-17.8,Coronet Cluster,STAR FORMING REGION
308,0203910201,PN,S003,3.5,31.3,-0.1,AX J184848-0129,X-RAY PULSATOR
309,0081340501,PN,S003,3.4,358.8,-32.4,IRAS20100-41,IR GALAXY
310,0204190101,PN,U002,3.4,341.2,38.6,PMN J1451-1512,QSO RADIO LOUD/POLARISED FLAT RADIO SP
311,0301880401,PN,S003,3.1,27.8,0.6,G27.8+0.6,SNR
312,0135745201,PN,S003,2.7,21.2,-0.0,XGPS_011,EXTENDED GALACTIC OR EXTRAGALACTIC
313,0135740701,PN,S003,2.7,20.6,0.3,XGPS_007,EXTENDED GALACTIC OR EXTRAGALACTIC
314,0101640601,PN,S001,2.6,20.7,27.3,NGC 6240,IR GALAXY RADIO QUIET TYPE 2
315,0202890101,PN,S003,2.6,352.1,32.5,HP LIB,CV AM HER (POLAR)
316,0741892201,PN,S001,2.5,28.8,7.4,NPS 7,X-RAY BACKGROUND
317,0675230301,PN,S003,2.0,26.7,19.7,DENIJ1730,CV AM HER (POLAR)
318,0081340401,PN,S003,2.0,358.6,-40.8,IRAS20551-42,IR GALAXY
319,0085200501,PN,U002,1.9,41.1,-0.3,3C397,SNR
320,0304960101,PN,S011,1.8,352.6,20.2,PSR J1614-2230,RADIO PULSAR
321,0300810301,PN,S003,1.3,341.5,-27.8,NGC 6799,ELLIPTICAL GALAXY
322,0743020201,MOS1,S001,59.7,23.2,-0.3,Swift J1834.9-0846,GAMMA RAY BURSTS SOFT REPEATER
323,0743020201,PN,S003,43.9,23.2,-0.3,Swift J1834.9-0846,GAMMA RAY BURSTS SOFT REPEATER
324,0109060201,MOS1,S002,46.0,352.2,20.0,Sco Cen field,OB ASSOCIATION/HII REGION
325,0109060201,MOS2,S003,45.1,352.2,20.0,Sco Cen field,OB ASSOCIATION/HII REGION
326,0109060201,PN,S004,38.8,352.2,20.0,Sco Cen field,OB ASSOCIATION/HII REGION
327,0501580101,MOS1,S001,82.1,10.4,11.2,PDS 456,QSO RADIO QUIET
328,0672401340,PN,S003,3.2,14.6,8.7,Fermi Bubble 1,CLUSTER OF GALAXIES
329,0412600201,MOS1,S001,23.3,358.6,-17.2,RXJ1856.6-3754,ISOLATED NEUTRON STAR
330,0412600201,MOS2,S002,6.7,358.6,-17.2,RXJ1856.6-3754,ISOLATED NEUTRON STAR
331,0784050101,PN,S002,19.8,359.7,-19.6,PSR J1909-3744,RADIO PULSAR
332,0740970101,MOS1,S001,83.7,330.5,4.3,PSRJ1549-4848,RADIO PULSAR
333,0782430201,MOS1,S002,53.6,339.7,-25.1,NGC6753,SPIRAL GALAXY
334,0782430201,PN,S004,25.6,339.7,-25.1,NGC6753,SPIRAL GALAXY
335,0112460201,MOS2,S002,16.0,345.0,2.5,GRO J1655-40,LMXRB
336,0112460201,PN,S003,10.0,345.0,2.5,GRO J1655-40,LMXRB
337,0727761001,MOS1,S002,63.6,358.6,-17.2,RXJ1856.6-3754,ISOLATED NEUTRON STAR
338,0761090301,MOS1,S001,108.0,351.3,17.0,sigma Sco,STAR B2III
339,0761090301,MOS2,S002,107.4,351.3,17.0,sigma Sco,STAR B2III
340,0761090301,PN,S003,95.2,351.3,17.0,sigma Sco,STAR B2III
341,0690580101,MOS1,U002,103.9,329.6,-9.4,ESO 138-G1,SEYFERT RADIO QUIET TYPE 2
342,0690580101,PN,U006,6.9,329.6,-9.4,ESO 138-G1,SEYFERT RADIO QUIET TYPE 2
343,0412600101,MOS1,S001,65.1,358.6,-17.2,RXJ1856.6-3754,ISOLATED NEUTRON STAR
344,0412600101,MOS2,S002,65.4,358.6,-17.2,RXJ1856.6-3754,ISOLATED NEUTRON STAR
345,0203040501,MOS1,S001,17.7,358.3,-5.2,FIELD III FOREGROUND,DIFFUSE X-RAY EMISSION
346,0203040501,MOS2,S002,18.7,358.3,-5.2,FIELD III FOREGROUND,DIFFUSE X-RAY EMISSION
347,0203040501,PN,S003,11.4,358.3,-5.2,FIELD III FOREGROUND,DIFFUSE X-RAY EMISSION
348,0727760301,MOS1,S002,66.7,358.6,-17.2,RXJ1856.6-3754,ISOLATED NEUTRON STAR
349,0727760301,MOS2,S003,67.9,358.6,-17.2,RXJ1856.6-3754,ISOLATED NEUTRON STAR
350,0552002601,PN,S003,15.4,356.8,4.7,XTE J1719-291,"LMXRB QPO, PULSAR AND BURSTS SOFT TRANSIENT"
351,0164560601,MOS1,S002,22.7,10.7,-0.2,XTE J1810-197,ANOMALOUS X-RAY PULSAR
352,0164560601,MOS2,S003,22.6,10.7,-0.2,XTE J1810-197,ANOMALOUS X-RAY PULSAR
353,0401660101,MOS1,S001,32.9,6.6,7.8,V2487 Oph,CV CLASSICAL NOVA
354,0672400142,MOS1,S001,7.2,13.5,7.4,Fermi Bubble 2,CLUSTER OF GALAXIES
355,0672400142,PN,S003,5.9,13.5,7.4,Fermi Bubble 2,CLUSTER OF GALAXIES
356,0204580401,MOS1,S001,20.2,12.2,-5.7,PKS 1830-211,QSO RADIO LOUD/POLARISED
357,0204580401,MOS2,S002,20.8,12.2,-5.7,PKS 1830-211,QSO RADIO LOUD/POLARISED
358,0204580401,PN,S003,12.5,12.2,-5.7,PKS 1830-211,QSO RADIO LOUD/POLARISED
359,0561580301,MOS1,S002,36.2,357.7,21.9,U Sco,CV RECURRENT NOVA ECLIPSING
360,0400230401,MOS1,S001,28.6,355.4,-8.1,SAX J1808.4-3658,"LMXRB QPO, PULSAR AND BURSTS SOFT TRANSIENT"
361,0400230401,PN,S003,16.4,355.4,-8.1,SAX J1808.4-3658,"LMXRB QPO, PULSAR AND BURSTS SOFT TRANSIENT"
362,0099750501,PN,U002,8.2,13.9,10.0,RT SER onaxis,CV CLASSICAL NOVA
363,0301270401,MOS2,S020,18.2,10.7,-0.2,CXOU J180951.0-19435,ANOMALOUS X-RAY PULSAR
364,0748391601,MOS1,S001,38.8,353.8,7.3,MXB 1659-298,X-RAY BINARY
365,0748391601,MOS2,S002,38.8,353.8,7.3,MXB 1659-298,X-RAY BINARY
366,0505530101,PN,U002,22.6,17.0,-1.0,WR 115,WOLF RAYET STAR WN6
367,0790870201,MOS1,S001,27.7,348.7,0.4,HESS J1713-381,ANOMALOUS X-RAY PULSAR
368,0790870201,PN,S003,22.5,348.7,0.4,HESS J1713-381,ANOMALOUS X-RAY PULSAR
369,0720780301,MOS1,S001,20.4,10.7,-0.2,XTEJ 1810-197,X-RAY PULSATOR
370,0720780301,MOS2,S002,22.0,10.7,-0.2,XTEJ 1810-197,X-RAY PULSATOR
371,0412600301,MOS1,S001,19.4,358.6,-17.2,RXJ1856.6-3754,ISOLATED NEUTRON STAR
372,0412600301,MOS1,U002,13.5,358.6,-17.2,RXJ1856.6-3754,ISOLATED NEUTRON STAR
373,0412600301,MOS2,S002,18.9,358.6,-17.2,RXJ1856.6-3754,ISOLATED NEUTRON STAR
374,0672401338,PN,S003,3.2,14.2,8.6,Fermi Bubble 1,CLUSTER OF GALAXIES
375,0403410101,MOS1,U002,29.6,20.3,2.2,FK Ser,T TAURI STAR
376,0403410101,MOS2,U002,34.7,20.3,2.2,FK Ser,T TAURI STAR
377,0412600901,MOS1,S001,30.8,358.6,-17.2,RXJ1856.6-3754,ISOLATED NEUTRON STAR
378,0501580201,MOS1,U002,80.9,10.4,11.2,PDS 456,QSO RADIO QUIET
379,0083280401,MOS1,S001,23.9,347.8,2.2,1700-37,HMXRB SUPERGIANT ECLIPSING
380,0083280401,MOS2,S002,19.1,347.8,2.2,1700-37,HMXRB SUPERGIANT ECLIPSING
381,0723570201,MOS2,S002,18.6,355.0,3.3,SWIFTJ1720.1,HMXRB X-RAY PULSAR
382,0724820201,MOS1,U002,84.4,336.0,-21.3,IRAS 18325-5926,SEYFERT RADIO QUIET TYPE 2
383,0724820201,MOS2,U002,84.4,336.0,-21.3,IRAS 18325-5926,SEYFERT RADIO QUIET TYPE 2
384,0694870201,MOS1,S001,118.2,39.7,-2.2,SS 433,HMXRB BLACK HOLE JETS
385,0694870201,MOS2,S002,119.2,39.7,-2.2,SS 433,HMXRB BLACK HOLE JETS
386,0782170401,MOS1,S001,12.1,358.1,7.5,2FHL J1712.6-2622,SNR
387,0782430101,MOS1,S001,66.0,339.7,-25.1,NGC6753,SPIRAL GALAXY
388,0782430101,PN,S003,30.5,339.7,-25.1,NGC6753,SPIRAL GALAXY
389,0145840101,MOS2,S003,14.5,10.4,0.1,G10_T1,DIFFUSE X-RAY EMISSION
390,0145840101,PN,S001,8.0,10.4,0.1,G10_T1,DIFFUSE X-RAY EMISSION
391,0400230501,PN,U002,30.6,355.4,-8.1,SAX J1808.4-3658,"LMXRB QPO, PULSAR AND BURSTS SOFT TRANSIENT"
392,0203750101,MOS1,S001,43.5,357.2,-4.9,4U 1755-33,LMXRB BLACK HOLE
393,0203750101,MOS2,S002,43.4,357.2,-4.9,4U 1755-33,LMXRB BLACK HOLE
394,0203750101,PN,S003,33.7,357.2,-4.9,4U 1755-33,LMXRB BLACK HOLE
395,0412602201,MOS1,S001,63.9,358.6,-17.2,RXJ1856.6-3754,ISOLATED NEUTRON STAR
396,0412602201,MOS2,S002,65.2,358.6,-17.2,RXJ1856.6-3754,ISOLATED NEUTRON STAR
397,0727761301,MOS1,S002,29.5,358.6,-17.2,RXJ1856.6-3754,ISOLATED NEUTRON STAR
398,0145970101,MOS1,S001,19.4,6.7,-0.3,W28 east shell,SNR COMPOSITE
399,0145970101,MOS2,S002,19.6,6.7,-0.3,W28 east shell,SNR COMPOSITE
400,0145970101,PN,U002,14.4,6.7,-0.3,W28 east shell,SNR COMPOSITE
401,0770380301,MOS1,S001,28.7,357.3,-6.1,1RXS J180408.9,X-RAY BINARY
402,0770380301,PN,U002,13.1,357.3,-6.1,1RXS J180408.9,X-RAY BINARY
403,0780300101,MOS1,U002,25.2,9.0,6.5,HD160641,STAR O9III
404,0780300101,PN,S003,21.3,9.0,6.5,HD160641,STAR O9III
405,0502370301,MOS1,S002,20.4,7.2,1.5,HD 163296,HERBIG AE/BE STAR
406,0727760201,MOS1,S002,43.7,358.6,-17.2,RXJ1856.6-3754,ISOLATED NEUTRON STAR
407,0727760201,MOS2,S003,43.6,358.6,-17.2,RXJ1856.6-3754,ISOLATED NEUTRON STAR
408,0742980101,MOS1,S001,66.3,16.9,-1.3,LS 5039,X-RAY BINARY
409,0742980101,MOS2,S002,66.6,16.9,-1.3,LS 5039,X-RAY BINARY
410,0800030801,PN,S003,64.0,353.0,16.6,Elias 29,PROTOSTAR OF TYPE I
411,0158160601,MOS1,U002,18.4,341.6,3.2,GRB040223,GAMMA RAY BURSTS
412,0158160601,MOS2,U002,17.0,341.6,3.2,GRB040223,GAMMA RAY BURSTS
413,0158160601,PN,U014,11.3,341.6,3.2,GRB040223,GAMMA RAY BURSTS
414,0204580301,MOS1,S001,28.8,12.2,-5.7,PKS 1830-211,QSO RADIO LOUD/POLARISED
415,0204580301,MOS2,S002,30.1,12.2,-5.7,PKS 1830-211,QSO RADIO LOUD/POLARISED
416,0204580301,PN,S003,20.1,12.2,-5.7,PKS 1830-211,QSO RADIO LOUD/POLARISED
417,0720690101,MOS1,S001,44.3,353.7,17.7,Rho Ophiuchi,STAR B2V
418,0720690101,MOS2,S002,45.1,353.7,17.7,Rho Ophiuchi,STAR B2V
419,0720690101,PN,S003,38.0,353.7,17.7,Rho Ophiuchi,STAR B2V
420,0793183501,MOS1,S001,6.8,16.9,-15.9,Pluto,PLANET PLUTO
421,0301540101,MOS1,S001,18.1,6.1,-1.9,2S 1803-245,LMXRB BURSTER SOFT TRANSIENT
422,0301540101,PN,S003,10.6,6.1,-1.9,2S 1803-245,LMXRB BURSTER SOFT TRANSIENT
423,0152750101,MOS1,S002,38.8,1.6,7.1,Barnard 68,DARK CLOUD
424,0152750101,MOS2,S003,38.9,1.6,7.1,Barnard 68,DARK CLOUD
425,0152750101,PN,S001,30.1,1.6,7.1,Barnard 68,DARK CLOUD
426,0412600701,MOS1,S001,63.2,358.6,-17.2,RXJ1856.6-3754,ISOLATED NEUTRON STAR
427,0144490101,MOS1,S001,25.2,6.8,-4.8,V4641 Sgr,LMXRB
428,0144490101,MOS2,S002,26.6,6.8,-4.8,V4641 Sgr,LMXRB
429,0201590101,MOS1,S001,30.1,358.6,-17.2,RX J1856.5-3754,ISOLATED NEUTRON STAR
430,0201590101,MOS2,S002,29.8,358.6,-17.2,RX J1856.5-3754,ISOLATED NEUTRON STAR
431,0067340301,MOS1,S001,13.6,0.4,-5.5,Field III,X-RAY BACKGROUND
432,0067340301,MOS2,S002,14.3,0.4,-5.5,Field III,X-RAY BACKGROUND
433,0067340301,PN,U002,5.7,0.4,-5.5,Field III,X-RAY BACKGROUND
434,0412601501,MOS1,S001,83.8,358.6,-17.2,RXJ1856.6-3754,ISOLATED NEUTRON STAR
435,0412601501,MOS2,S002,90.2,358.6,-17.2,RXJ1856.6-3754,ISOLATED NEUTRON STAR
436,0145970401,MOS1,S001,19.2,6.7,-0.3,W28 east shell,SNR COMPOSITE
437,0145970401,MOS2,S002,19.9,6.7,-0.3,W28 east shell,SNR COMPOSITE
438,0145970401,PN,S003,13.7,6.7,-0.3,W28 east shell,SNR COMPOSITE
439,0554440101,PN,S002,17.1,352.6,2.9,HD155806,STAR O7III
440,0675150201,MOS1,S001,44.5,340.8,-2.5,XTE J1701-462,LMXRB QPO AND BURSTS SOFT TRANSIENT
441,0675150201,MOS2,S002,46.1,340.8,-2.5,XTE J1701-462,LMXRB QPO AND BURSTS SOFT TRANSIENT
442,0782400101,MOS1,S001,115.1,333.8,-0.1,PSR J1622-4950,ANOMALOUS X-RAY PULSAR
443,0693960101,MOS1,S001,98.1,17.2,2.4,PSR J1813-1246,GAMMA RAY SOURCE PULSAR
444,0406800701,MOS1,U002,45.0,10.7,-0.2,XTE J1810-197,ANOMALOUS X-RAY PULSAR
445,0149610401,MOS1,S001,29.0,10.8,-2.6,Herbig Haro 80,HERBIG-HARO OBJECT
446,0149610401,MOS2,S006,30.0,10.8,-2.6,Herbig Haro 80,HERBIG-HARO OBJECT
447,0149610401,PN,S002,22.8,10.8,-2.6,Herbig Haro 80,HERBIG-HARO OBJECT
448,0761091001,MOS1,S007,16.5,0.5,6.6,theta Oph,STAR B2IV
449,0761091001,PN,S009,13.4,0.5,6.6,theta Oph,STAR B2IV
450,0672400141,PN,S003,3.3,13.7,7.5,Fermi Bubble 2,CLUSTER OF GALAXIES
451,0672401333,PN,S003,3.2,14.6,8.7,Fermi Bubble 1,CLUSTER OF GALAXIES
452,0305540901,MOS1,S001,37.1,353.0,16.6,rho Oph,STAR FORMING REGION
453,0553720101,MOS1,S001,41.1,348.1,15.9,V893 Scorpii,CV DWARF NOVA ECLIPSING
454,0672401341,PN,S003,3.1,14.4,8.5,Fermi Bubble 1,CLUSTER OF GALAXIES
455,0041160101,MOS1,S001,42.4,10.4,11.2,PDS 456,QSO
456,0041160101,MOS2,S002,42.5,10.4,11.2,PDS 456,QSO
457,0727760601,MOS1,S002,32.5,358.6,-17.2,RXJ1856.6-3754,ISOLATED NEUTRON STAR
458,0727760601,MOS2,S003,32.5,358.6,-17.2,RXJ1856.6-3754,ISOLATED NEUTRON STAR
459,0305820101,MOS1,U003,19.1,358.7,-7.6,XTE J1814-338,LMXRB X-RAY PULSAR SOFT TRANSIENT
460,0305820101,MOS2,U003,18.3,358.7,-7.6,XTE J1814-338,LMXRB X-RAY PULSAR SOFT TRANSIENT
461,0305820101,PN,U002,7.8,358.7,-7.6,XTE J1814-338,LMXRB X-RAY PULSAR SOFT TRANSIENT
462,0412601401,MOS1,S001,26.6,358.6,-17.2,RXJ1856.6-3754,ISOLATED NEUTRON STAR
463,0412601401,MOS2,S002,27.6,358.6,-17.2,RXJ1856.6-3754,ISOLATED NEUTRON STAR
464,0400790301,MOS1,S001,25.1,1.5,-11.4,X1832-330,LMXRB BURSTER
465,0302020201,MOS1,S001,66.7,343.3,-13.8,Theta Ara,STAR B2I
466,0302020201,MOS2,S002,67.4,343.3,-13.8,Theta Ara,STAR B2I
467,0302020201,PN,U002,47.9,343.3,-13.8,Theta Ara,STAR B2I
468,0793183801,MOS1,S001,47.2,16.9,-16.1,Pluto,PLANET PLUTO
469,0694710101,MOS1,S001,23.8,6.9,8.2,PSR J1731-1847,RADIO PULSAR
470,0694710101,PN,S003,13.5,6.9,8.2,PSR J1731-1847,RADIO PULSAR
471,0727760101,MOS1,S002,60.5,358.6,-17.2,RXJ1856.6-3754,ISOLATED NEUTRON STAR
472,0727760101,MOS2,S003,61.3,358.6,-17.2,RXJ1856.6-3754,ISOLATED NEUTRON STAR
473,0672401336,PN,S003,2.5,14.5,8.1,Fermi Bubble 1,CLUSTER OF GALAXIES
474,0412601101,MOS1,U002,61.2,358.6,-17.2,RXJ1856.6-3754,ISOLATED NEUTRON STAR
475,0008820401,PN,U002,28.1,18.4,1.6,GRB 020321,STAR O6III
476,0652610201,PN,S003,61.1,333.2,11.9,Gamma Lup,STAR B2IV
477,0727760501,MOS1,U003,56.9,358.6,-17.2,RXJ1856.6-3754,ISOLATED NEUTRON STAR
478,0727760501,MOS2,U003,59.7,358.6,-17.2,RXJ1856.6-3754,ISOLATED NEUTRON STAR
479,0301881001,PN,U002,10.0,6.1,1.2,G6.1+1.2,SNR
480,0693190401,MOS1,S001,80.6,354.2,-32.6,IC 4956,ELLIPTICAL GALAXY
481,0693190401,PN,S003,63.4,354.2,-32.6,IC 4956,ELLIPTICAL GALAXY
482,0412602301,MOS1,S001,64.4,358.6,-17.2,RXJ1856.6-3754,ISOLATED NEUTRON STAR
483,0412602301,MOS2,S002,66.3,358.6,-17.2,RXJ1856.6-3754,ISOLATED NEUTRON STAR
484,0720280201,PN,S003,11.7,4.9,2.2,IGR J17488-2338,SEYFERT RADIO QUIET TYPE 1.5
485,0413780301,MOS1,S001,16.0,1.2,10.4,Jupiter,PLANET JUPITER
486,0413780301,PN,S003,10.6,1.2,10.4,Jupiter,PLANET JUPITER
487,0690200101,MOS1,S001,20.8,351.7,-2.2,HD158926,STAR B2IV
488,0690200101,PN,S003,17.1,351.7,-2.2,HD158926,STAR B2IV
489,0109060101,MOS1,S002,46.5,353.0,17.2,rho Oph cloud,DARK STAR FORMING REGION
490,0109060101,MOS2,S003,46.5,353.0,17.2,rho Oph cloud,DARK STAR FORMING REGION
491,0109060101,PN,S004,39.7,353.0,17.2,rho Oph cloud,DARK STAR FORMING REGION
492,0761870201,MOS2,U003,120.3,32.6,-13.1,IGR J19378-0617,NL SEYFERT 1 RADIO QUIET TYPE 1.5
493,0800031001,MOS1,U002,70.9,353.0,16.6,Elias 29,PROTOSTAR OF TYPE I
494,0780070201,MOS1,S001,8.7,358.5,-4.9,WR103,WOLF RAYET STAR WC9-11
495,0780070201,PN,S003,5.4,358.5,-4.9,WR103,WOLF RAYET STAR WC9-11
496,0300690101,PN,S003,32.5,355.9,-4.5,NGC 6475,OPEN STAR CLUSTER
497,0413780201,PN,S003,21.2,0.9,10.8,Jupiter,PLANET JUPITER
498,0672400140,PN,S003,3.1,13.8,7.7,Fermi Bubble 2,CLUSTER OF GALAXIES
499,0655490101,PN,S001,4.4,5.7,6.4,IGR J17348-2045,UNIDENTIFIED
500,0305541101,MOS1,S001,33.8,353.0,16.6,rho Oph,STAR FORMING REGION
501,0403110601,PN,S003,14.9,5.3,-3.0,NGC 6553,LMXRB GLOBULAR CLUSTER BURSTER SOFT TRANSIENT
502,0724220101,MOS1,S001,19.7,350.0,-1.8,SNR G350.0-2.0,SNR SHELL TYPE II
503,0724220101,MOS2,S002,21.4,350.0,-1.8,SNR G350.0-2.0,SNR SHELL TYPE II
504,0724220101,PN,S003,15.8,350.0,-1.8,SNR G350.0-2.0,SNR SHELL TYPE II
505,0722520101,MOS2,S002,33.3,15.4,-1.0,Swift J1822.3-1606,ANOMALOUS X-RAY PULSAR
506,0722520101,PN,S003,17.8,15.4,-1.0,Swift J1822.3-1606,ANOMALOUS X-RAY PULSAR
507,0150220101,MOS1,S001,28.8,352.7,-0.1,G352.7-0.1,SNR
508,0406600301,MOS1,S001,28.0,10.0,-0.2,SGR 1806-20,GAMMA RAY BURSTS SOFT REPEATER
509,0727761101,MOS1,S002,48.7,358.6,-17.2,RXJ1856.6-3754,ISOLATED NEUTRON STAR
510,0412600401,MOS1,U002,31.6,358.6,-17.2,RXJ1856.6-3754,ISOLATED NEUTRON STAR
511,0307170201,MOS1,S002,49.7,337.4,-0.3,J1638-4725,RADIO PULSAR
512,0307170201,PN,S001,35.1,337.4,-0.3,J1638-4725,RADIO PULSAR
513,0510990101,PN,S003,22.0,340.8,-2.5,XTE J1701-462,X-RAY BINARY
514,0404790101,PN,U002,10.5,352.6,20.2,PSR J1614-2230,RADIO PULSAR
515,0024940201,MOS1,S001,24.2,10.8,0.4,WR110,WOLF RAYET STAR WN5
516,0024940201,MOS2,S005,24.0,10.8,0.4,WR110,WOLF RAYET STAR WN5
517,0024940201,PN,S002,19.4,10.8,0.4,WR110,WOLF RAYET STAR WN5
518,0650140101,PN,S009,6.6,3.1,6.0,PSR J1730-2304,RADIO PULSAR
519,0672320201,MOS1,U002,7.6,10.4,0.1,HD 165783,STAR B3V
520,0672320201,PN,U002,4.8,10.4,0.1,HD 165783,STAR B3V
521,0743750201,MOS1,U002,74.8,332.4,-0.4,1E 161348-5055,ISOLATED NEUTRON STAR
522,0654110101,MOS1,S001,50.4,333.8,-0.1,PSR J1622-4950,ANOMALOUS X-RAY PULSAR
523,0654110101,PN,S003,35.3,333.8,-0.1,PSR J1622-4950,ANOMALOUS X-RAY PULSAR
524,0672400137,PN,S003,3.2,13.3,7.5,Fermi Bubble 2,CLUSTER OF GALAXIES
525,0112220201,MOS1,U002,16.4,9.9,-7.6,NGC 6656,GLOBULAR CLUSTER EXTENDED GALACTIC OR EXTRAGALACTIC
526,0112220201,MOS2,U002,17.1,9.9,-7.6,NGC 6656,GLOBULAR CLUSTER EXTENDED GALACTIC OR EXTRAGALACTIC
527,0112220201,PN,U002,10.3,9.9,-7.6,NGC 6656,GLOBULAR CLUSTER EXTENDED GALACTIC OR EXTRAGALACTIC
528,0675040101,MOS1,S002,34.9,353.4,-3.4,XTE J1743-363,HMXRB SUPERGIANT X-RAY PULSAR FLARES
529,0675040101,MOS2,S003,37.3,353.4,-3.4,XTE J1743-363,HMXRB SUPERGIANT X-RAY PULSAR FLARES
530,0675040101,PN,S001,26.6,353.4,-3.4,XTE J1743-363,HMXRB SUPERGIANT X-RAY PULSAR FLARES
531,0064940101,MOS1,S001,29.0,355.4,-8.1,SAX J1808.4-3658,LMXRB PULSAR AND BURSTS
532,0064940101,MOS2,S002,29.9,355.4,-8.1,SAX J1808.4-3658,LMXRB PULSAR AND BURSTS
533,0650300201,MOS1,S001,26.6,357.7,21.9,U Sco,CV RECURRENT NOVA ECLIPSING
534,0764620101,MOS1,S002,114.3,29.4,-16.0,NGC 6814,SEYFERT RADIO QUIET TYPE 1.5
535,0106260101,MOS1,S002,45.7,358.6,-17.2,RXJ1856.6-3754,ISOLATED NEUTRON STAR
536,0106260101,MOS2,S003,45.6,358.6,-17.2,RXJ1856.6-3754,ISOLATED NEUTRON STAR
537,0206610101,MOS1,S001,45.4,357.1,7.0,BARNARD 59,DARK CLOUD
538,0206610101,MOS2,S002,45.3,357.1,7.0,BARNARD 59,DARK CLOUD
539,0206610101,PN,S003,35.4,357.1,7.0,BARNARD 59,DARK CLOUD
540,0672401332,PN,S003,3.2,14.4,8.5,Fermi Bubble 1,CLUSTER OF GALAXIES
541,0032940101,MOS1,S002,17.1,357.2,-4.9,4U1755-33,LMXRB BLACK HOLE JETS
542,0032940101,MOS2,S003,17.2,357.2,-4.9,4U1755-33,LMXRB BLACK HOLE JETS
543,0032940101,PN,U002,12.9,357.2,-4.9,4U1755-33,LMXRB BLACK HOLE JETS
544,0692210101,MOS1,S001,7.8,4.2,-3.4,PSR J1808-2701,RADIO PULSAR
545,0692210101,PN,S003,3.2,4.2,-3.4,PSR J1808-2701,RADIO PULSAR
546,0405640201,MOS1,S001,19.6,351.5,-0.4,IGR J17252-3616,HMXRB SUPERGIANT X-RAY PULSAR ECLIPSING
547,0727760401,MOS1,S002,47.7,358.6,-17.2,RXJ1856.6-3754,ISOLATED NEUTRON STAR
548,0727760401,MOS2,S003,51.0,358.6,-17.2,RXJ1856.6-3754,ISOLATED NEUTRON STAR
549,0763700301,MOS1,S001,51.2,350.7,-6.7,HD 162020,STAR K2V
550,0763700301,PN,S003,39.0,350.7,-6.7,HD 162020,STAR K2V
551,0742270201,MOS1,S001,82.8,335.6,-0.4,IGR J16318-4848,HMXRB SUPERGIANT
552,0412600601,MOS1,U002,54.9,358.6,-17.2,RXJ1856.6-3754,ISOLATED NEUTRON STAR
553,0672400138,PN,S003,3.3,13.5,7.7,Fermi Bubble 2,CLUSTER OF GALAXIES
554,0700381401,MOS1,S002,23.2,357.5,7.9,XTE J1709-267,LMXRB
555,0700381401,MOS2,S003,18.8,357.5,7.9,XTE J1709-267,LMXRB
556,0672401334,PN,S003,3.1,14.8,8.5,Fermi Bubble 1,CLUSTER OF GALAXIES
557,0800030901,PN,S003,54.0,353.0,16.6,Elias 29,PROTOSTAR OF TYPE I
558,0727761201,MOS1,S016,31.0,358.6,-17.2,RXJ1856.6-3754,ISOLATED NEUTRON STAR
559,0727761201,MOS2,S017,34.0,358.6,-17.2,RXJ1856.6-3754,ISOLATED NEUTRON STAR
560,0723270101,MOS2,S002,71.6,23.2,-0.3,Swift J1834.9-0846,GAMMA RAY BURSTS SOFT REPEATER
561,0723270101,PN,S003,39.1,23.2,-0.3,Swift J1834.9-0846,GAMMA RAY BURSTS SOFT REPEATER
562,0601950101,MOS1,S001,42.8,11.3,-10.3,Ross 154,STAR M3V
563,0780690301,MOS1,S001,67.9,10.4,11.2,PDS 456,QSO RADIO QUIET TYPE 1
564,0412601301,MOS1,S001,38.5,358.6,-17.2,RXJ1856.6-3754,ISOLATED NEUTRON STAR
565,0672400134,PN,S003,2.2,14.0,7.6,Fermi Bubble 2,CLUSTER OF GALAXIES
566,0165972101,MOS1,S001,64.8,358.6,-17.2,RXJ1856.6-3754,ISOLATED NEUTRON STAR
567,0502970101,PN,S003,40.3,1.7,-10.3,M 69,GLOBULAR CLUSTER EXTENDED GALACTIC OR EXTRAGALACTIC
568,0672401331,MOS1,S001,5.8,14.3,8.3,Fermi Bubble 1,CLUSTER OF GALAXIES
569,0400790101,MOS1,S001,25.7,1.5,-11.4,X1832-330,LMXRB BURSTER
570,0412600801,MOS1,S001,5.9,358.6,-17.2,RXJ1856.6-3754,ISOLATED NEUTRON STAR
571,0412600801,MOS1,U002,47.0,358.6,-17.2,RXJ1856.6-3754,ISOLATED NEUTRON STAR
572,0503500201,MOS1,S001,32.4,351.0,-4.7,Kappa Sco,STAR B1III
573,0503500201,PN,S003,20.5,351.0,-4.7,Kappa Sco,STAR B1III
574,0760900101,MOS1,S001,127.1,353.7,17.7,Rho Ophiuchi,STAR B2IV
575,0760900101,PN,S003,102.3,353.7,17.7,Rho Ophiuchi,STAR B2IV
576,0606200101,MOS1,S002,18.6,353.1,-1.7,1RXHJ173523.7-354013,LMXRB BURSTER
577,0672401337,PN,S003,3.1,14.1,8.4,Fermi Bubble 1,CLUSTER OF GALAXIES
578,0672401342,PN,S003,6.0,14.3,8.3,Fermi Bubble 1,CLUSTER OF GALAXIES
579,0672400136,PN,S003,2.1,13.7,7.2,Fermi Bubble 2,CLUSTER OF GALAXIES
580,0506050201,MOS1,S001,7.6,2.4,4.8,Nova Oph 2006,CV CLASSICAL NOVA
581,0506050201,MOS2,S002,7.9,2.4,4.8,Nova Oph 2006,CV CLASSICAL NOVA
582,0145840201,MOS1,S002,13.3,9.5,-1.0,G10_T2,DIFFUSE X-RAY EMISSION
583,0145840201,MOS2,S003,13.9,9.5,-1.0,G10_T2,DIFFUSE X-RAY EMISSION
584,0145840201,PN,S001,7.5,9.5,-1.0,G10_T2,DIFFUSE X-RAY EMISSION
585,0301270301,MOS2,U002,19.5,10.7,-0.2,CXOU J180951.0-19435,ANOMALOUS X-RAY PULSAR
586,0780690201,MOS1,S001,8.2,10.4,11.2,PDS 456,QSO RADIO QUIET TYPE 1
587,0780690201,MOS1,U002,26.6,10.4,11.2,PDS 456,QSO RADIO QUIET TYPE 1
588,0720731201,MOS1,S001,21.3,21.4,1.3,PSR B1822-09,RADIO PULSAR
589,0720731201,MOS2,S002,21.7,21.4,1.3,PSR B1822-09,RADIO PULSAR
590,0203040401,MOS2,S002,12.3,0.0,-12.0,BULGE -12,DIFFUSE X-RAY EMISSION
591,0203040401,PN,S003,5.0,0.0,-12.0,BULGE -12,DIFFUSE X-RAY EMISSION
592,0109490301,MOS1,S001,29.4,343.5,1.2,HD 152248,STAR O7I
593,0109490301,MOS2,S002,30.9,343.5,1.2,HD 152248,STAR O7I
594,0109490301,PN,S003,22.9,343.5,1.2,HD 152248,STAR O7I
595,0653050401,MOS1,S007,76.7,341.4,-33.1,Abell 3667 NW Shock,CLUSTER OF GALAXIES ABELL CLASS 0
596,0653050401,PN,S009,52.5,341.4,-33.1,Abell 3667 NW Shock,CLUSTER OF GALAXIES ABELL CLASS 0
597,0164570401,MOS2,S003,34.0,346.4,34.1,GRB040827,GAMMA RAY BURSTS
598,0164570401,PN,S002,24.6,346.4,34.1,GRB040827,GAMMA RAY BURSTS
599,0401730101,MOS1,S001,28.4,23.0,28.9,Hercules A,CLUSTER OF GALAXIES (NON-ABELL) WITH COOLING FLOW
600,0401730101,PN,S004,16.6,23.0,28.9,Hercules A,CLUSTER OF GALAXIES (NON-ABELL) WITH COOLING FLOW
601,0415180101,MOS1,S002,19.6,358.6,-17.2,RXJ1856.6-3754,ISOLATED NEUTRON STAR
602,0791580601,MOS1,S002,13.5,358.6,-17.2,RXJ1856.6-3754,ISOLATED NEUTRON STAR
603,0791580601,MOS2,S003,13.3,358.6,-17.2,RXJ1856.6-3754,ISOLATED NEUTRON STAR
604,0202950201,MOS1,S001,9.6,16.9,-1.3,LS 5039,HMXRB JETS
605,0202950201,MOS2,S002,9.7,16.9,-1.3,LS 5039,HMXRB JETS
606,0690200301,MOS1,S001,29.8,353.2,23.6,HD144217,STAR B1V
607,0690200301,PN,S003,24.8,353.2,23.6,HD144217,STAR B1V
608,0693180101,MOS1,S001,37.8,12.6,-20.1,MACSJ1931.8-2635,CLUSTER OF GALAXIES (NON-ABELL)
609,0693180101,MOS2,S002,37.9,12.6,-20.1,MACSJ1931.8-2635,CLUSTER OF GALAXIES (NON-ABELL)
610,0693180101,PN,S003,32.6,12.6,-20.1,MACSJ1931.8-2635,CLUSTER OF GALAXIES (NON-ABELL)
611,0602350101,MOS1,S001,39.3,29.6,0.1,AX J1845-0258,ANOMALOUS X-RAY PULSAR
612,0602350101,PN,S003,30.5,29.6,0.1,AX J1845-0258,ANOMALOUS X-RAY PULSAR
613,0743200101,MOS1,S001,14.1,343.3,-0.7,G343.3-0.6,PLANETARY NEBULA
614,0743200101,MOS2,S002,13.8,343.3,-0.7,G343.3-0.6,PLANETARY NEBULA
615,0743200101,PN,S003,10.8,343.3,-0.7,G343.3-0.6,PLANETARY NEBULA
616,0165971901,MOS1,S001,14.1,358.6,-17.2,RXJ1856.6-3754,ISOLATED NEUTRON STAR
617,0165971901,MOS2,S002,15.3,358.6,-17.2,RXJ1856.6-3754,ISOLATED NEUTRON STAR
618,0720780201,MOS2,S002,17.6,10.7,-0.2,XTEJ 1810-197,X-RAY PULSATOR
619,0104460401,PN,S001,1.8,20.4,0.0,RIDGE_4,X-RAY BACKGROUND
620,0303900401,MOS2,S004,9.4,338.6,11.9,RU Lup,T TAURI STAR
621,0303900401,PN,S003,6.2,338.6,11.9,RU Lup,T TAURI STAR
622,0406620201,MOS1,U002,42.4,25.1,-9.6,J1911-1114,RADIO PULSAR
623,0740640101,MOS1,U002,36.7,327.2,0.5,Kes 27,SNR COMPOSITE TYPE II
624,0740640101,MOS2,S002,11.1,327.2,0.5,Kes 27,SNR COMPOSITE TYPE II
625,0740640101,MOS2,U002,39.9,327.2,0.5,Kes 27,SNR COMPOSITE TYPE II
626,0112480301,MOS1,S002,12.7,355.0,14.2,oph_pos3,MOLECULAR CLOUD
627,0112480301,PN,S001,5.7,355.0,14.2,oph_pos3,MOLECULAR CLOUD
628,0410180401,MOS2,S003,36.5,19.8,10.4,RS Oph,CV RECURRENT NOVA
629,0673541201,MOS1,S001,12.1,354.2,16.3,IRS 63,PROTOSTAR OF TYPE I
630,0673541201,MOS2,S002,12.9,354.2,16.3,IRS 63,PROTOSTAR OF TYPE I
631,0673541201,PN,S003,8.3,354.2,16.3,IRS 63,PROTOSTAR OF TYPE I
632,0651870201,PN,S002,20.5,347.4,4.2,AK Sco,T TAURI STAR
633,0744050101,MOS1,S002,103.4,321.5,15.0,2XMMJ143242.1-440939,ULTRA-LUMINOUS X-RAY SOURCE (ULX)
634,0744050101,PN,S001,90.1,321.5,15.0,2XMMJ143242.1-440939,ULTRA-LUMINOUS X-RAY SOURCE (ULX)
635,0722270101,MOS2,S002,47.5,341.1,27.7,NGC5903,GROUP OF GALAXIES
636,0722270101,PN,S003,40.5,341.1,27.7,NGC5903,GROUP OF GALAXIES
637,0413390201,MOS1,S001,18.1,340.8,-2.5,XTE J1701-462,HMXRB BE STAR BLACK HOLE
638,0413390201,PN,S003,9.2,340.8,-2.5,XTE J1701-462,HMXRB BE STAR BLACK HOLE
639,0303900501,MOS1,S002,9.0,338.6,11.9,RU Lup,T TAURI STAR
640,0303900501,MOS2,S004,11.5,338.6,11.9,RU Lup,T TAURI STAR
641,0303900501,PN,S003,5.7,338.6,11.9,RU Lup,T TAURI STAR
642,0410180501,MOS2,S003,46.5,19.8,10.4,RS Oph,CV RECURRENT NOVA
643,0405640901,MOS1,S001,11.4,351.5,-0.4,IGR J17252-3616,HMXRB SUPERGIANT X-RAY PULSAR ECLIPSING
644,0654190201,MOS1,S002,19.8,336.7,0.4,IGR J16328-4726,UNIDENTIFIED
645,0654190201,PN,U002,12.1,336.7,0.4,IGR J16328-4726,UNIDENTIFIED
646,0692950101,MOS1,S001,50.5,31.0,-0.0,HESS J1848-018,SNR SHELL
647,0692950101,MOS2,S002,51.0,31.0,-0.0,HESS J1848-018,SNR SHELL
648,0109490601,MOS1,S001,31.6,343.5,1.2,HD 152248,STAR O7I
649,0109490601,MOS2,S002,31.8,343.5,1.2,HD 152248,STAR O7I
650,0109490601,PN,S003,26.0,343.5,1.2,HD 152248,STAR O7I
651,0306700201,PN,S003,5.0,8.6,-4.9,G8.7-5.0W,SNR SHELL
652,0748590134,MOS1,S001,6.1,355.3,-2.0,C2013 A1,COMET
653,0748590134,PN,S003,5.0,355.3,-2.0,C2013 A1,COMET
654,0204270101,MOS1,S001,4.3,326.1,-1.8,MSH15-56 SW,SNR
655,0204270101,MOS1,U002,16.9,326.1,-1.8,MSH15-56 SW,SNR
656,0204270101,MOS2,S002,4.4,326.1,-1.8,MSH15-56 SW,SNR
657,0204270101,MOS2,U002,18.4,326.1,-1.8,MSH15-56 SW,SNR
658,0204270101,PN,U002,2.1,326.1,-1.8,MSH15-56 SW,SNR
659,0204270101,PN,U015,13.8,326.1,-1.8,MSH15-56 SW,SNR
660,0109490201,MOS1,S001,18.3,343.5,1.2,HD 152248,STAR O7I
661,0109490201,MOS2,S007,18.5,343.5,1.2,HD 152248,STAR O7I
662,0109490201,PN,S002,14.4,343.5,1.2,HD 152248,STAR O7I
663,0505920101,PN,S003,29.6,36.0,0.1,PSR J1856+0245,RADIO PULSAR
664,0200360201,MOS2,S003,31.1,355.3,-31.9,PKS 2004-447,SEYFERT RADIO LOUD/STEEP SPECT TYPE 1
665,0109490101,MOS1,S001,31.2,343.5,1.2,HD 152248,STAR O7I
666,0109490101,MOS2,S006,31.6,343.5,1.2,HD 152248,STAR O7I
667,0109490101,PN,S002,25.1,343.5,1.2,HD 152248,STAR O7I
668,0401730301,MOS1,S001,35.9,23.0,28.9,Hercules A,CLUSTER OF GALAXIES (NON-ABELL) WITH COOLING FLOW
669,0401730301,PN,S004,26.7,23.0,28.9,Hercules A,CLUSTER OF GALAXIES (NON-ABELL) WITH COOLING FLOW
670,0741590101,MOS1,S001,35.2,29.9,-6.8,Swift J1910.2-0546,LMXRB BLACK HOLE SOFT TRANSIENT
671,0741590101,MOS2,S002,39.4,29.9,-6.8,Swift J1910.2-0546,LMXRB BLACK HOLE SOFT TRANSIENT
672,0741590101,PN,S003,18.3,29.9,-6.8,Swift J1910.2-0546,LMXRB BLACK HOLE SOFT TRANSIENT
673,0201550101,MOS1,S001,25.4,334.6,-11.5,GAMMA ARA,STAR B1I
674,0201550101,MOS2,S002,25.5,334.6,-11.5,GAMMA ARA,STAR B1I
675,0201550101,PN,S003,20.9,334.6,-11.5,GAMMA ARA,STAR B1I
676,0109490501,MOS1,S001,28.6,343.5,1.2,HD 152248,STAR O7I
677,0109490501,MOS2,S002,29.0,343.5,1.2,HD 152248,STAR O7I
678,0109490501,PN,S003,21.2,343.5,1.2,HD 152248,STAR O7I
679,0402820101,MOS1,S001,29.1,30.8,5.2,Southern Cluster,STAR FORMING REGION
680,0402820101,PN,S003,22.8,30.8,5.2,Southern Cluster,STAR FORMING REGION
681,0503750501,PN,S003,15.9,338.2,-26.7,ESO 141- G 055,SEYFERT
682,0722940101,MOS1,U002,22.7,340.6,6.2,2FGL J1624.1-4040,GAMMA RAY SOURCE PULSAR
683,0722940101,MOS2,U002,23.1,340.6,6.2,2FGL J1624.1-4040,GAMMA RAY SOURCE PULSAR
684,0722940101,PN,S003,20.8,340.6,6.2,2FGL J1624.1-4040,GAMMA RAY SOURCE PULSAR
685,0127720501,MOS1,S001,14.8,14.1,-11.9,V4743 Sgr,CV CLASSICAL NOVA OSCILLATIONS
686,0693320101,MOS1,S001,40.6,322.5,11.4,PSR J1446-4701,RADIO PULSAR
687,0693320101,MOS2,S002,42.9,322.5,11.4,PSR J1446-4701,RADIO PULSAR
688,0693320101,PN,S003,27.2,322.5,11.4,PSR J1446-4701,RADIO PULSAR
689,0728560201,MOS2,S002,22.5,336.7,0.4,IGR J16328-4726,HMXRB
690,0728560201,PN,S003,13.5,336.7,0.4,IGR J16328-4726,HMXRB
691,0101040501,MOS1,U002,34.1,338.2,-26.7,ESO 141-G55,SEYFERT TYPE 1
692,0761120701,MOS2,S002,29.4,343.3,-0.7,SWIFTJ17014-4306,CV INTERMEDIATE POLAR COHERENT OSCILLATIONS
693,0112490301,MOS1,S011,16.9,27.5,2.9,aqui_pos3,MOLECULAR CLOUD
694,0112490301,MOS2,S012,19.1,27.5,2.9,aqui_pos3,MOLECULAR CLOUD
695,0802080301,MOS1,S001,25.3,326.4,-1.9,MSH 15-56 (2),SNR COMPOSITE TYPE II
696,0802080301,PN,S003,8.3,326.4,-1.9,MSH 15-56 (2),SNR COMPOSITE TYPE II
697,0673170201,MOS1,S001,51.5,339.7,-25.1,NGC6753,SPIRAL GALAXY BARRED
698,0673170201,PN,S003,40.9,339.7,-25.1,NGC6753,SPIRAL GALAXY BARRED
699,0067750101,MOS1,S001,22.3,332.2,23.9,Cen X-4,LMXRB BURSTER SOFT TRANSIENT
700,0067750101,MOS2,S002,22.1,332.2,23.9,Cen X-4,LMXRB BURSTER SOFT TRANSIENT
701,0067750101,PN,U002,14.6,332.2,23.9,Cen X-4,LMXRB BURSTER SOFT TRANSIENT
702,0792380101,MOS2,S003,36.7,348.4,23.3,Mars,PLANET MARS
703,0693660401,MOS1,S001,38.2,352.1,-24.0,PLCK G352.1-24.0,CLUSTER OF GALAXIES (NON-ABELL)
704,0693660401,PN,S003,23.9,352.1,-24.0,PLCK G352.1-24.0,CLUSTER OF GALAXIES (NON-ABELL)
705,0742620101,MOS1,S001,59.3,24.9,-13.8,PSR J1926-1314,RADIO PULSAR
706,0742620101,MOS2,S002,59.3,24.9,-13.8,PSR J1926-1314,RADIO PULSAR
707,0742620101,PN,S003,40.9,24.9,-13.8,PSR J1926-1314,RADIO PULSAR
708,0720731301,MOS1,S001,28.8,21.4,1.3,PSR B1822-09,RADIO PULSAR
709,0720731301,MOS2,S002,28.2,21.4,1.3,PSR B1822-09,RADIO PULSAR
710,0742520101,PN,S003,6.2,5.7,21.2,PSR J1643-1224,RADIO PULSAR
711,0022940101,MOS1,U003,31.2,336.0,-21.3,IRAS18325-5926,UNDEFINED
712,0743660401,MOS1,S001,29.7,330.4,4.6,HIP77391,STAR O9I
713,0743660401,MOS2,S002,30.5,330.4,4.6,HIP77391,STAR O9I
714,0743660401,PN,S003,19.5,330.4,4.6,HIP77391,STAR O9I
715,0304720101,MOS1,S002,14.4,14.1,-11.9,V4743 Sgr,CV CLASSICAL NOVA OSCILLATIONS
716,0743660101,MOS2,S002,24.1,350.1,22.5,HIP78401,STAR B4IV
717,0743660101,PN,U002,13.4,350.1,22.5,HIP78401,STAR B4IV
718,0306700501,MOS1,S001,6.9,6.0,3.1,G5.9+3.1E,SNR SHELL
719,0306700501,PN,S003,3.4,6.0,3.1,G5.9+3.1E,SNR SHELL
720,0654960101,MOS1,U002,21.7,29.1,0.3,HESS J1843-033 A,UNIDENTIFIED
721,0654960101,PN,S003,17.7,29.1,0.3,HESS J1843-033 A,UNIDENTIFIED
722,0165972001,MOS1,S001,21.2,358.6,-17.2,RXJ1856.6-3754,ISOLATED NEUTRON STAR
723,0165972001,MOS2,S002,23.7,358.6,-17.2,RXJ1856.6-3754,ISOLATED NEUTRON STAR
724,0760390201,MOS1,S001,20.1,357.0,-10.6,HD 168733,STAR B8V
725,0760390201,PN,S003,16.2,357.0,-10.6,HD 168733,STAR B8V
726,0152620101,MOS2,S004,40.8,321.8,-13.1,4U 1626-67,LMXRB QPO AND PULSAR
727,0651870301,PN,S002,19.7,347.4,4.2,AK Sco,T TAURI STAR
728,0112380101,MOS2,S002,32.9,348.6,22.4,SCO-CEN PT1,OB ASSOCIATION/HII REGION
729,0203850201,PN,S003,4.1,24.3,0.1,G24.3+0.0,SNR
730,0203060201,MOS1,S001,39.3,346.2,-20.8,HD 174429,STAR K0V
731,0203060201,MOS2,S002,39.9,346.2,-20.8,HD 174429,STAR K0V
732,0694920101,PN,S003,13.1,20.2,-0.3,XGPS-25,CV
733,0720730901,MOS1,S001,23.3,21.4,1.3,PSR B1822-09,RADIO PULSAR
734,0720730901,MOS2,S002,23.6,21.4,1.3,PSR B1822-09,RADIO PULSAR
735,0165971601,MOS2,S002,30.8,358.6,-17.2,RXJ1856.6-3754,ISOLATED NEUTRON STAR
736,0694610101,MOS1,S001,20.7,332.3,-23.6,2XMMi J184725-631724,SUPERMASSIVE BLACK HOLE
737,0694610101,PN,S003,12.5,332.3,-23.6,2XMMi J184725-631724,SUPERMASSIVE BLACK HOLE
738,0761210101,MOS1,S001,59.7,340.6,-33.7,A3667 SE relic,CLUSTER OF GALAXIES ABELL CLASS 2
739,0761210101,PN,S003,39.6,340.6,-33.7,A3667 SE relic,CLUSTER OF GALAXIES ABELL CLASS 2
740,0782170501,MOS1,S001,12.7,349.8,-5.2,2FHL J1741.2-4021,SNR
741,0741890601,MOS1,S002,25.2,28.7,7.1,NPS 6,X-RAY BACKGROUND
742,0741890601,MOS2,S007,25.6,28.7,7.1,NPS 6,X-RAY BACKGROUND
743,0741890601,PN,S001,13.2,28.7,7.1,NPS 6,X-RAY BACKGROUND
744,0144900101,MOS1,U002,34.4,332.2,23.9,Cen X-4,LMXRB BURSTER SOFT TRANSIENT
745,0144900101,MOS2,U002,34.7,332.2,23.9,Cen X-4,LMXRB BURSTER SOFT TRANSIENT
746,0200680201,MOS1,S001,7.2,343.2,-4.8,WR90,WOLF RAYET STAR WC7
747,0200680201,MOS2,S002,17.1,343.2,-4.8,WR90,WOLF RAYET STAR WC7
748,0205220101,MOS1,S001,23.6,338.6,-29.6,NGC 6810,STARBURST GALAXY BARRED
749,0205220101,MOS2,S002,24.0,338.6,-29.6,NGC 6810,STARBURST GALAXY BARRED
750,0205220101,PN,S003,16.1,338.6,-29.6,NGC 6810,STARBURST GALAXY BARRED
751,0405380201,MOS1,U002,11.7,329.6,-9.4,ESO 138-G01,SEYFERT RADIO QUIET TYPE 2
752,0720731401,MOS1,S001,19.9,21.4,1.3,PSR B1822-09,RADIO PULSAR
753,0720731401,MOS2,S002,21.2,21.4,1.3,PSR B1822-09,RADIO PULSAR
754,0146390201,MOS1,S001,17.1,360.0,-17.8,TY CrA,HERBIG AE/BE STAR
755,0146390201,MOS2,S003,17.4,360.0,-17.8,TY CrA,HERBIG AE/BE STAR
756,0146390201,PN,S005,13.9,360.0,-17.8,TY CrA,HERBIG AE/BE STAR
757,0691670101,MOS1,S001,46.7,358.5,-41.1,RXJ2059.9-4245,CLUSTER OF GALAXIES (NON-ABELL)
758,0691670101,PN,S003,26.3,358.5,-41.1,RXJ2059.9-4245,CLUSTER OF GALAXIES (NON-ABELL)
759,0675471601,MOS1,S001,10.6,5.1,-22.5,RXCJ1931.6-3354,CLUSTER OF GALAXIES ABELL CLASS 1
760,0675471601,MOS2,S002,10.5,5.1,-22.5,RXCJ1931.6-3354,CLUSTER OF GALAXIES ABELL CLASS 1
761,0675471601,PN,S003,5.0,5.1,-22.5,RXCJ1931.6-3354,CLUSTER OF GALAXIES ABELL CLASS 1
762,0653280101,PN,S011,20.6,316.6,2.5,V842 Cen,CV CLASSICAL NOVA OSCILLATIONS
763,0740990101,MOS1,S001,21.1,18.3,1.7,HD167971,STAR O8I
764,0740990101,PN,S003,16.1,18.3,1.7,HD167971,STAR O8I
765,0791580401,MOS1,S002,17.7,358.6,-17.2,RXJ1856.6-3754,ISOLATED NEUTRON STAR
766,0791580401,MOS2,S003,17.7,358.6,-17.2,RXJ1856.6-3754,ISOLATED NEUTRON STAR
767,0143380101,MOS1,S002,41.9,328.4,0.2,G328.4+0.2,SNR CRAB-LIKE FILLED-CENTER
768,0143380101,MOS2,S003,42.9,328.4,0.2,G328.4+0.2,SNR CRAB-LIKE FILLED-CENTER
769,0691070401,MOS2,S002,8.8,10.7,-0.2,XTEJ 1810-197,X-RAY PULSATOR
770,0790630101,MOS1,S001,35.9,355.3,-31.9,PKS 2004-447,NL SEYFERT 1
771,0790630101,PN,S003,28.7,355.3,-31.9,PKS 2004-447,NL SEYFERT 1
772,0654480201,PN,S003,10.4,22.9,-0.2,G22.7-0.2-Q1,SUPERNOVA TYPE II
773,0653050801,MOS1,S007,60.3,341.4,-33.1,Abell 3667 NW Shock,CLUSTER OF GALAXIES ABELL CLASS 0
774,0653050801,PN,S009,46.6,341.4,-33.1,Abell 3667 NW Shock,CLUSTER OF GALAXIES ABELL CLASS 0
775,0724080101,MOS1,S001,38.0,356.2,33.0,2FGL J1544.5-1126,X-RAY BINARY
776,0724080101,MOS2,S002,38.3,356.2,33.0,2FGL J1544.5-1126,X-RAY BINARY
777,0152780201,MOS1,S001,37.6,327.4,2.2,4U 1538-522,HMXRB SUPERGIANT
778,0152780201,MOS2,S002,38.6,327.4,2.2,4U 1538-522,HMXRB SUPERGIANT
779,0152780201,PN,S003,30.8,327.4,2.2,4U 1538-522,HMXRB SUPERGIANT
780,0690680201,MOS1,S001,59.0,340.9,-35.2,Alpha Pav,STAR B3V
781,0690680201,MOS2,S002,60.5,340.9,-35.2,Alpha Pav,STAR B3V
782,0690680201,PN,S003,45.8,340.9,-35.2,Alpha Pav,STAR B3V
783,0085581201,MOS1,S001,5.7,5.1,-6.2,NOVA Sgr 1998,CV CLASSICAL NOVA
784,0085581201,MOS2,S002,5.5,5.1,-6.2,NOVA Sgr 1998,CV CLASSICAL NOVA
785,0112480201,MOS2,S003,16.3,355.3,14.4,oph_pos2,MOLECULAR CLOUD
786,0112480201,PN,S001,10.3,355.3,14.4,oph_pos2,MOLECULAR CLOUD
787,0743120101,MOS1,S001,15.7,5.0,-14.4,V1223 Sgr,CV INTERMEDIATE POLAR
788,0763090201,MOS1,S001,40.0,21.7,-35.7,Ceres,ASTEROID MAIN BELT OBJECT
789,0763090201,MOS2,S002,45.1,21.7,-35.7,Ceres,ASTEROID MAIN BELT OBJECT
790,0763090201,PN,S003,20.5,21.7,-35.7,Ceres,ASTEROID MAIN BELT OBJECT
791,0405640501,MOS1,S001,5.9,351.5,-0.4,IGR J17252-3616,HMXRB SUPERGIANT X-RAY PULSAR ECLIPSING
792,0695000401,MOS1,S001,9.0,350.3,0.8,src4_sj1717,X-RAY BINARY
793,0695000401,PN,S003,6.4,350.3,0.8,src4_sj1717,X-RAY BINARY
794,0748590135,PN,S003,5.4,355.4,-2.0,C2013 A1,COMET
795,0748590133,MOS1,S001,5.9,355.3,-2.1,C2013 A1,COMET
796,0748590133,MOS2,S002,5.8,355.3,-2.1,C2013 A1,COMET
797,0748590133,PN,S003,4.5,355.3,-2.1,C2013 A1,COMET
798,0763700401,MOS1,S001,16.8,350.7,-6.7,HD 162020,STAR K2V
799,0763700401,MOS2,S002,17.1,350.7,-6.7,HD 162020,STAR K2V
800,0763700401,PN,S003,11.0,350.7,-6.7,HD 162020,STAR K2V
801,0691070301,MOS1,S001,16.9,10.7,-0.2,XTEJ 1810-197,X-RAY PULSATOR
802,0691070301,MOS2,S002,17.0,10.7,-0.2,XTEJ 1810-197,X-RAY PULSATOR
803,0405390201,MOS2,S002,7.6,8.1,3.4,IGRJ17513-2011,UNIDENTIFIED
804,0671060201,MOS1,S001,13.5,10.7,-0.2,XTEJ 1810-197,X-RAY PULSATOR
805,0550190201,MOS1,S001,13.6,6.0,-4.6,V5115 Sgr (2005),CV CLASSICAL NOVA FAST
806,0741890201,MOS1,S001,28.6,28.4,5.9,NPS 2,X-RAY BACKGROUND
807,0741890201,PN,S003,18.8,28.4,5.9,NPS 2,X-RAY BACKGROUND
808,0553180101,PN,U002,35.1,341.4,-33.1,Abell 3667 NW Shock,CLUSTER OF GALAXIES ABELL CLASS 2
809,0720731001,MOS1,S001,18.5,21.4,1.3,PSR B1822-09,RADIO PULSAR
810,0720731001,MOS2,S002,19.4,21.4,1.3,PSR B1822-09,RADIO PULSAR
811,0744100201,MOS1,S001,22.3,347.7,-21.6,Abell S0808,CLUSTER OF GALAXIES ABELL CLASS 1
812,0744100201,MOS2,S002,22.3,347.7,-21.6,Abell S0808,CLUSTER OF GALAXIES ABELL CLASS 1
813,0744100201,PN,S003,18.7,347.7,-21.6,Abell S0808,CLUSTER OF GALAXIES ABELL CLASS 1
814,0770580201,MOS1,S001,33.8,24.9,12.2,Swift J1753.5-0127,LMXRB BLACK HOLE
815,0675010201,MOS1,S001,75.2,339.8,-37.1,SPT-CLJ2040-5726,CLUSTER OF GALAXIES (NON-ABELL) WITH COOLING FLOW
816,0675010201,PN,S003,58.0,339.8,-37.1,SPT-CLJ2040-5726,CLUSTER OF GALAXIES (NON-ABELL) WITH COOLING FLOW
817,0761940401,MOS1,S001,16.7,23.0,-1.4,IGR J18381-0924,HMXRB
818,0761940401,PN,S003,6.9,23.0,-1.4,IGR J18381-0924,HMXRB
819,0780790201,MOS1,S001,19.2,356.9,-24.1,ESO 338-IG 004,STARBURST GALAXY
820,0780790201,PN,S003,7.3,356.9,-24.1,ESO 338-IG 004,STARBURST GALAXY
821,0111120201,PN,S003,14.4,353.0,16.6,Rho Oph Core,MOLECULAR CLOUD
822,0504810201,MOS1,S003,48.6,315.7,-2.5,RCW 86 E,SNR SHELL
823,0504810201,PN,S005,29.9,315.7,-2.5,RCW 86 E,SNR SHELL
824,0674370101,PN,S003,51.3,334.8,-38.0,PLCK G334.8-38.0,CLUSTER OF GALAXIES
825,0405640401,MOS1,S001,5.6,351.5,-0.4,IGR J17252-3616,HMXRB SUPERGIANT X-RAY PULSAR ECLIPSING
826,0085280501,MOS1,S001,24.4,18.4,16.0,NGC6366,LMXRB GLOBULAR CLUSTER
827,0085280501,MOS2,S002,24.9,18.4,16.0,NGC6366,LMXRB GLOBULAR CLUSTER
828,0653050501,MOS1,S007,71.8,341.3,-33.1,Abell 3667 NW Shock,CLUSTER OF GALAXIES ABELL CLASS 0
829,0653050501,PN,S009,56.0,341.3,-33.1,Abell 3667 NW Shock,CLUSTER OF GALAXIES ABELL CLASS 0
830,0651460201,MOS1,S001,14.6,352.8,-35.5,NGC6909,ELLIPTICAL GALAXY
831,0748590132,MOS2,S002,5.9,355.2,-2.1,C2013 A1,COMET
832,0748590132,PN,S003,2.3,355.2,-2.1,C2013 A1,COMET
833,0022940201,MOS1,S001,47.1,336.0,-21.3,IRAS18325-5926,UNDEFINED
834,0022940201,MOS2,S008,45.9,336.0,-21.3,IRAS18325-5926,UNDEFINED
835,0303900301,MOS1,S002,25.2,338.6,11.9,RU Lup,T TAURI STAR
836,0303900301,MOS2,S004,25.3,338.6,11.9,RU Lup,T TAURI STAR
837,0303900301,PN,S003,18.9,338.6,11.9,RU Lup,T TAURI STAR
838,0119940201,MOS1,U009,15.7,355.4,-8.1,SAX J1808.4-3658,"LMXRB QPO, PULSAR AND BURSTS SOFT TRANSIENT"
839,0119940201,MOS2,S003,11.4,355.4,-8.1,SAX J1808.4-3658,"LMXRB QPO, PULSAR AND BURSTS SOFT TRANSIENT"
840,0111300101,MOS1,S001,20.3,8.8,-23.3,M 55,GLOBULAR CLUSTER EXTENDED GALACTIC OR EXTRAGALACTIC
841,0111300101,MOS2,S002,20.4,8.8,-23.3,M 55,GLOBULAR CLUSTER EXTENDED GALACTIC OR EXTRAGALACTIC
842,0111300101,PN,S003,18.4,8.8,-23.3,M 55,GLOBULAR CLUSTER EXTENDED GALACTIC OR EXTRAGALACTIC
843,0679380201,MOS1,S001,27.3,23.2,-0.3,SGR J1834.9-0846,GAMMA RAY BURSTS SOFT REPEATER
844,0679380201,MOS2,S002,27.3,23.2,-0.3,SGR J1834.9-0846,GAMMA RAY BURSTS SOFT REPEATER
845,0679380201,PN,S003,21.7,23.2,-0.3,SGR J1834.9-0846,GAMMA RAY BURSTS SOFT REPEATER
846,0677980101,MOS1,S001,26.7,5.5,16.5,Maxi J1659-152,X-RAY BINARY
847,0152833101,MOS1,S001,7.5,10.7,0.3,NXGPS_31,EXTENDED GALACTIC OR EXTRAGALACTIC
848,0152833101,MOS2,S002,7.7,10.7,0.3,NXGPS_31,EXTENDED GALACTIC OR EXTRAGALACTIC
849,0651870401,PN,S002,22.7,347.4,4.2,AK Sco,T TAURI STAR
850,0504010101,PN,U002,6.4,40.4,-3.3,vb 10,STAR M8Ve
851,0112410101,PN,S003,3.3,0.1,7.0,GRS 1716-249,LMXRB BURSTER
852,0650910201,MOS1,U002,7.6,4.5,16.3,CB68,PROTOSTAR OF TYPE 0
853,0135742601,MOS2,S002,4.7,7.0,0.3,XGPS_026,EXTENDED GALACTIC OR EXTRAGALACTIC
854,0135742601,PN,S003,3.3,7.0,0.3,XGPS_026,EXTENDED GALACTIC OR EXTRAGALACTIC
855,0085281001,MOS1,S001,12.0,18.4,16.0,NGC6366,LMXRB GLOBULAR CLUSTER
856,0085281001,MOS2,S002,12.0,18.4,16.0,NGC6366,LMXRB GLOBULAR CLUSTER
857,0085281001,PN,S003,8.5,18.4,16.0,NGC6366,LMXRB GLOBULAR CLUSTER
858,0401730201,MOS1,S001,36.4,23.0,28.9,Hercules A,CLUSTER OF GALAXIES (NON-ABELL) WITH COOLING FLOW
859,0401730201,PN,S004,25.2,23.0,28.9,Hercules A,CLUSTER OF GALAXIES (NON-ABELL) WITH COOLING FLOW
860,0724820101,MOS2,S002,98.6,336.0,-21.3,IRAS 18325-5926,SEYFERT RADIO QUIET TYPE 2
861,0692050101,MOS1,S001,102.7,315.8,0.2,PSR J1437-5959,RADIO PULSAR
862,0692050101,PN,S003,74.3,315.8,0.2,PSR J1437-5959,RADIO PULSAR
863,0720173801,MOS2,S002,43.3,38.3,-7.3,CoRoT 2a,STAR G7V
864,0720173801,PN,S003,38.0,38.3,-7.3,CoRoT 2a,STAR G7V
865,0694380101,MOS1,S001,52.2,353.5,-42.7,SPT-CLJ2109-4626,CLUSTER OF GALAXIES (NON-ABELL) WITH COOLING FLOW
866,0694380101,MOS2,S002,55.8,353.5,-42.7,SPT-CLJ2109-4626,CLUSTER OF GALAXIES (NON-ABELL) WITH COOLING FLOW
867,0694380101,PN,S003,36.9,353.5,-42.7,SPT-CLJ2109-4626,CLUSTER OF GALAXIES (NON-ABELL) WITH COOLING FLOW
868,0404720201,PN,S003,22.6,13.7,-4.4,IC 4725,OPEN STAR CLUSTER
869,0165971701,MOS1,S001,8.7,358.6,-17.2,RXJ1856.6-3754,ISOLATED NEUTRON STAR
870,0165971701,MOS2,S002,10.9,358.6,-17.2,RXJ1856.6-3754,ISOLATED NEUTRON STAR
871,0811213301,MOS1,S013,21.8,0.3,36.1,Fermi J1544-0649,COMET
872,0741890401,PN,S001,17.0,28.5,6.5,NPS 4,X-RAY BACKGROUND
873,0152833001,MOS1,S001,5.9,10.5,0.0,NXGPS_30,EXTENDED GALACTIC OR EXTRAGALACTIC
874,0152833001,MOS2,S002,5.7,10.5,0.0,NXGPS_30,EXTENDED GALACTIC OR EXTRAGALACTIC
875,0694530101,MOS1,S007,21.6,355.3,-31.8,PKS2004-447,NL SEYFERT 1 RADIO LOUD
876,0694530101,PN,S009,9.4,355.3,-31.8,PKS2004-447,NL SEYFERT 1 RADIO LOUD
877,0760080101,MOS1,S001,25.0,28.4,5.6,NPS 1A,DIFFUSE X-RAY EMISSION
878,0760080101,MOS2,S002,25.6,28.4,5.6,NPS 1A,DIFFUSE X-RAY EMISSION
879,0760080101,PN,S003,15.4,28.4,5.6,NPS 1A,DIFFUSE X-RAY EMISSION
880,0790660101,MOS1,S001,29.6,16.6,24.9,2FGL J1653.6-0159,GAMMA RAY SOURCE
881,0790660101,PN,S003,23.1,16.6,24.9,2FGL J1653.6-0159,GAMMA RAY SOURCE
882,0503320301,MOS1,S001,19.9,343.8,0.3,AX J165901-4208,UNIDENTIFIED
883,0503320301,PN,S003,15.8,343.8,0.3,AX J165901-4208,UNIDENTIFIED
884,0204690101,MOS1,S002,18.4,14.1,-11.9,V4743 SGR,CV CLASSICAL NOVA OSCILLATIONS
885,0204690101,MOS2,S003,19.0,14.1,-11.9,V4743 SGR,CV CLASSICAL NOVA OSCILLATIONS
886,0673080101,PN,S003,50.3,325.2,22.1,IC 4451,ELLIPTICAL GALAXY
887,0146310201,MOS1,S001,13.9,339.5,9.4,HR 6000,HERBIG AE/BE STAR
888,0146310201,MOS2,S002,13.9,339.5,9.4,HR 6000,HERBIG AE/BE STAR
889,0146310201,PN,S003,10.1,339.5,9.4,HR 6000,HERBIG AE/BE STAR
890,0303660101,MOS2,S002,14.4,4.7,29.2,HD146233,STAR G2V
891,0720731101,MOS1,S001,24.5,21.4,1.3,PSR B1822-09,RADIO PULSAR
892,0720731101,MOS2,S002,25.1,21.4,1.3,PSR B1822-09,RADIO PULSAR
893,0112480101,MOS1,S002,17.6,355.5,14.6,oph_pos1,MOLECULAR CLOUD
894,0112480101,MOS2,S003,17.7,355.5,14.6,oph_pos1,MOLECULAR CLOUD
895,0112480101,PN,S001,10.9,355.5,14.6,oph_pos1,MOLECULAR CLOUD
896,0077340101,MOS1,S001,30.3,327.6,14.6,SN 1006,SNR
897,0077340101,MOS2,S002,30.8,327.6,14.6,SN 1006,SNR
898,0077340101,PN,S003,21.7,327.6,14.6,SN 1006,SNR
899,0694070101,MOS1,S002,40.8,29.8,-0.7,IGR J18483-0311,HMXRB SUPERGIANT X-RAY PULSAR FLARES
900,0694070101,MOS2,S003,42.9,29.8,-0.7,IGR J18483-0311,HMXRB SUPERGIANT X-RAY PULSAR FLARES
901,0694070101,PN,S001,32.4,29.8,-0.7,IGR J18483-0311,HMXRB SUPERGIANT X-RAY PULSAR FLARES
902,0700381001,MOS1,S001,28.2,341.2,21.6,GRB120804A,GAMMA RAY SOURCE
903,0700381001,MOS2,S002,28.6,341.2,21.6,GRB120804A,GAMMA RAY SOURCE
904,0700381001,PN,S003,25.1,341.2,21.6,GRB120804A,GAMMA RAY SOURCE
905,0085580301,MOS1,S001,8.6,5.1,-6.2,NOVA Sgr 1998,CV CLASSICAL NOVA
906,0085580301,MOS2,S002,8.9,5.1,-6.2,NOVA Sgr 1998,CV CLASSICAL NOVA
907,0122700201,MOS1,S002,24.4,21.4,-1.0,G21.5-09 offset 1,SNR
908,0651630101,MOS1,S002,35.8,29.1,20.5,NPS-CX,X-RAY BACKGROUND
909,0651630101,PN,S001,29.6,29.1,20.5,NPS-CX,X-RAY BACKGROUND
910,0720731501,MOS1,S001,30.9,21.4,1.3,PSR B1822-09,RADIO PULSAR
911,0720731501,MOS2,S002,31.6,21.4,1.3,PSR B1822-09,RADIO PULSAR
912,0670300701,MOS1,S001,18.2,0.1,-11.3,IRAS F18293-3413,STARBURST GALAXY
913,0670300701,MOS2,S002,18.1,0.1,-11.3,IRAS F18293-3413,STARBURST GALAXY
914,0670300701,PN,S003,13.4,0.1,-11.3,IRAS F18293-3413,STARBURST GALAXY
915,0672282701,MOS1,S001,12.5,15.4,-1.0,SWIFTJ1822.3-1606,ANOMALOUS X-RAY PULSAR
916,0670580201,PN,S003,29.4,333.0,15.5,MN Lup,T TAURI STAR
917,0792382201,MOS1,U002,39.7,348.6,23.0,Mars,PLANET MARS
918,0206990701,PN,U002,1.2,359.9,9.5,1RXSJ170944.9-234658,UNIDENTIFIED
919,0605581201,MOS1,S010,23.7,13.5,-15.8,HD179949,STAR F8V
920,0413780101,PN,S003,19.0,0.6,11.4,Jupiter,PLANET JUPITER
921,0741850101,MOS1,S001,46.2,331.5,-23.5,SCR J1845-6357,STAR M8V
922,0741850101,MOS2,S002,47.8,331.5,-23.5,SCR J1845-6357,STAR M8V
923,0413390101,MOS1,S001,14.7,340.8,-2.5,XTE J1701-462,HMXRB BE STAR BLACK HOLE
924,0152834401,PN,S003,1.9,15.0,0.3,NXGPS_44,EXTENDED GALACTIC OR EXTRAGALACTIC
925,0201000201,MOS2,S002,15.8,335.6,-0.4,IGRJ16318-4848,HMXRB
926,0602350201,PN,S003,14.0,29.6,0.1,AX J1845-0258,ANOMALOUS X-RAY PULSAR
927,0050940401,MOS1,S002,8.4,0.0,-12.0,Bulge-12,DIFFUSE X-RAY EMISSION
928,0050940401,MOS2,S003,9.2,0.0,-12.0,Bulge-12,DIFFUSE X-RAY EMISSION
929,0050940401,PN,S001,2.3,0.0,-12.0,Bulge-12,DIFFUSE X-RAY EMISSION
930,0671510101,MOS1,S005,35.8,32.8,-0.1,Kes 78,SNR SHELL
931,0671510101,PN,S007,23.9,32.8,-0.1,Kes 78,SNR SHELL
932,0782050101,MOS1,S001,84.4,325.9,-7.2,NR TrA,CV CLASSICAL NOVA ECLIPSING
933,0306120101,PN,S001,6.1,2.6,4.9,IGR J17331-2406,GAMMA RAY SOURCE
934,0695000301,MOS1,S001,7.7,342.1,0.0,src3_sj1654,X-RAY BINARY
935,0695000301,PN,S003,5.1,342.1,0.0,src3_sj1654,X-RAY BINARY
936,0694530201,MOS1,S002,31.6,355.3,-31.8,PKS2004-447,NL SEYFERT 1 RADIO LOUD
937,0694530201,MOS2,S003,31.5,355.3,-31.8,PKS2004-447,NL SEYFERT 1 RADIO LOUD
938,0694530201,PN,S001,19.6,355.3,-31.8,PKS2004-447,NL SEYFERT 1 RADIO LOUD
939,0790870301,MOS1,S001,19.9,348.7,0.4,HESS J1713-381,ANOMALOUS X-RAY PULSAR
940,0790870301,PN,S003,15.6,348.7,0.4,HESS J1713-381,ANOMALOUS X-RAY PULSAR
941,0552170301,MOS1,S001,52.7,335.8,-32.8,NGC 6860,SEYFERT RADIO QUIET TYPE 1.5
942,0743930101,MOS2,S002,31.1,350.4,-44.1,NGC 7049,GROUP OF GALAXIES
943,0743930101,PN,S003,17.9,350.4,-44.1,NGC 7049,GROUP OF GALAXIES
944,0206640101,MOS1,S007,12.9,336.7,-3.4,XTE J1650-500,LMXRB QPO AND BLACK HOLE SOFT TRANSIENT
945,0206640101,MOS2,S008,13.9,336.7,-3.4,XTE J1650-500,LMXRB QPO AND BLACK HOLE SOFT TRANSIENT
946,0206640101,PN,S009,7.8,336.7,-3.4,XTE J1650-500,LMXRB QPO AND BLACK HOLE SOFT TRANSIENT
947,0740790101,MOS1,S001,22.3,327.8,-5.4,S Nor,STAR K0V
948,0740790101,MOS2,S002,23.6,327.8,-5.4,S Nor,STAR K0V
949,0305440801,MOS2,S008,7.3,9.2,9.3,V442 Oph,CV NOVA LIKE
950,0111420101,MOS1,S001,47.4,12.7,-36.8,AU Microscopii,STAR M1Ve
951,0111420101,MOS2,S002,40.8,12.7,-36.8,AU Microscopii,STAR M1Ve
952,0085582001,MOS1,S001,7.0,6.6,7.8,NOVA Oph 1998,CV CLASSICAL NOVA
953,0085582001,MOS2,S002,6.9,6.6,7.8,NOVA Oph 1998,CV CLASSICAL NOVA
954,0402910101,MOS1,S004,43.2,327.2,-0.1,1E 1547.0-5408,ANOMALOUS X-RAY PULSAR
955,0402910101,MOS2,S005,43.0,327.2,-0.1,1E 1547.0-5408,ANOMALOUS X-RAY PULSAR
956,0402910101,PN,S006,37.1,327.2,-0.1,1E 1547.0-5408,ANOMALOUS X-RAY PULSAR
957,0720731601,MOS1,S001,21.2,21.4,1.3,PSR B1822-09,RADIO PULSAR
958,0720731601,MOS2,S002,21.8,21.4,1.3,PSR B1822-09,RADIO PULSAR
959,0406650101,PN,S001,13.5,331.7,-0.6,HESS J1614-518 North,GAMMA RAY SOURCE
960,0206991101,MOS1,S001,8.3,352.8,4.7,1RXSJ170854.4-321857,LMXRB
961,0206991101,MOS2,S002,8.0,352.8,4.7,1RXSJ170854.4-321857,LMXRB
962,0206991101,PN,S003,6.8,352.8,4.7,1RXSJ170854.4-321857,LMXRB
963,0650591501,MOS1,S001,25.3,23.6,2.4,IGR J18259-0706,SEYFERT RADIO QUIET TYPE 1
964,0650591501,PN,S003,20.2,23.6,2.4,IGR J18259-0706,SEYFERT RADIO QUIET TYPE 1
965,0506050301,MOS1,S001,6.0,356.2,5.4,Nova Oph 2006 b,CV CLASSICAL NOVA
966,0720300601,MOS1,S001,10.6,12.8,-2.1,Y Sgr,STAR K0V
967,0720300601,MOS2,S002,10.5,12.8,-2.1,Y Sgr,STAR K0V
968,0720300601,PN,S003,7.0,12.8,-2.1,Y Sgr,STAR K0V
969,0302760801,MOS1,S001,9.0,8.0,-7.5,G8_T8,DIFFUSE X-RAY EMISSION
970,0302760801,MOS2,S002,9.8,8.0,-7.5,G8_T8,DIFFUSE X-RAY EMISSION
971,0302760801,PN,S003,4.8,8.0,-7.5,G8_T8,DIFFUSE X-RAY EMISSION
972,0761690401,MOS1,S001,25.0,327.7,4.2,CATSJ153539.8,X-RAY PULSATOR
973,0761690401,PN,S003,15.6,327.7,4.2,CATSJ153539.8,X-RAY PULSATOR
974,0144080101,MOS2,S002,16.2,345.7,-0.2,G345.7-0.2,SNR SHELL
975,0671060101,MOS1,S001,20.9,10.7,-0.2,XTEJ 1810-197,X-RAY PULSATOR
976,0671060101,MOS2,S002,21.3,10.7,-0.2,XTEJ 1810-197,X-RAY PULSATOR
977,0112490101,MOS1,S011,16.9,27.1,3.6,aqui_pos1,MOLECULAR CLOUD
978,0112490101,MOS2,S012,17.9,27.1,3.6,aqui_pos1,MOLECULAR CLOUD
979,0112490101,PN,S010,7.0,27.1,3.6,aqui_pos1,MOLECULAR CLOUD
980,0135743101,MOS2,S002,5.7,7.5,0.0,XGPS_031,EXTENDED GALACTIC OR EXTRAGALACTIC
981,0724700101,MOS1,U004,27.8,332.2,2.6,PMN J1603-4904,RADIO GALAXY RADIO LOUD FLAT RADIO SP
982,0724700101,PN,S003,24.0,332.2,2.6,PMN J1603-4904,RADIO GALAXY RADIO LOUD FLAT RADIO SP
983,0784040201,MOS1,S001,35.4,34.5,-0.9,HAWC J1857+0057,UNIDENTIFIED
984,0784040201,PN,S003,29.9,34.5,-0.9,HAWC J1857+0057,UNIDENTIFIED
985,0403110501,PN,U002,8.2,1.7,-10.3,NGC 6637,LMXRB GLOBULAR CLUSTER BURSTER SOFT TRANSIENT
986,0760646701,MOS1,S001,44.9,338.9,-4.3,GX 339-4,LMXRB QPO AND BLACK HOLE FLARES
987,0146390101,PN,S005,8.4,360.0,-17.8,TY CrA,HERBIG AE/BE STAR
988,0652760101,MOS1,S001,20.6,352.8,-7.7,V394 CrA,CV RECURRENT NOVA
989,0652760101,PN,S003,15.3,352.8,-7.7,V394 CrA,CV RECURRENT NOVA
990,0050940301,MOS1,S002,6.2,0.6,-8.0,Bulge-8,DIFFUSE X-RAY EMISSION
991,0050940301,MOS2,S003,6.2,0.6,-8.0,Bulge-8,DIFFUSE X-RAY EMISSION
992,0050940301,PN,S001,2.4,0.6,-8.0,Bulge-8,DIFFUSE X-RAY EMISSION
993,0741300301,MOS1,S001,73.6,339.0,-28.2,ESO142-G019,SPIRAL GALAXY UNBARRED STEEP RADIO SP
994,0741300301,MOS2,S002,75.2,339.0,-28.2,ESO142-G019,SPIRAL GALAXY UNBARRED STEEP RADIO SP
995,0741300301,PN,S003,55.6,339.0,-28.2,ESO142-G019,SPIRAL GALAXY UNBARRED STEEP RADIO SP
996,0511010801,PN,U002,18.7,23.0,0.3,AX J1832.3-0840,EXTENDED GALACTIC OR EXTRAGALACTIC
997,0504810101,PN,S005,62.2,315.8,-2.3,RCW 86 NE,SNR SHELL
998,0144271401,MOS2,S002,4.5,7.2,1.5,HD 163296,HERBIG AE/BE STAR
999,0672282901,MOS1,S001,22.2,15.4,-1.0,SWIFTJ1822.3-1606,ANOMALOUS X-RAY PULSAR
1000,0804690101,MOS1,S001,26.8,342.6,-7.7,PSR B1727-47,RADIO PULSAR
1001,0503240201,PN,S003,29.0,31.1,5.3,Serpens 2,STAR FORMING REGION
1002,0104860601,MOS1,U002,11.2,8.4,-28.6,[HB89] 2000-330,QSO
1003,0104860601,MOS2,U002,12.4,8.4,-28.6,[HB89] 2000-330,QSO
1004,0104860601,PN,U002,8.3,8.4,-28.6,[HB89] 2000-330,QSO
1005,0200900101,MOS2,S002,21.7,343.1,-0.1,IRAS 16547-4247,PROTOSTAR OF TYPE 0
1006,0200900101,PN,S003,16.6,343.1,-0.1,IRAS 16547-4247,PROTOSTAR OF TYPE 0
1007,0670580101,MOS1,S001,37.8,333.0,15.5,MN Lup,T TAURI STAR
1008,0670580101,PN,S003,30.2,333.0,15.5,MN Lup,T TAURI STAR
1009,0672283001,MOS2,S002,22.8,15.4,-1.0,SWIFTJ1822.3-1606,ANOMALOUS X-RAY PULSAR
1010,0109490401,MOS1,S001,15.2,343.5,1.2,HD 152248,STAR O7I
1011,0109490401,MOS2,S002,16.0,343.5,1.2,HD 152248,STAR O7I
1012,0109490401,PN,S003,10.0,343.5,1.2,HD 152248,STAR O7I
1013,0741890101,MOS1,U002,10.2,28.4,5.6,NPS 1,X-RAY BACKGROUND
1014,0605581001,MOS1,S010,31.4,13.5,-15.8,HD179949,STAR F8V
1015,0741890301,MOS1,S002,25.1,28.4,6.2,NPS 3,X-RAY BACKGROUND
1016,0741890301,PN,S001,17.5,28.4,6.2,NPS 3,X-RAY BACKGROUND
1017,0723290101,MOS1,S001,75.5,355.7,-37.7,SPT-CL J2040-4451,CLUSTER OF GALAXIES (NON-ABELL) WITH COOLING FLOW
1018,0723290101,MOS2,S002,75.3,355.7,-37.7,SPT-CL J2040-4451,CLUSTER OF GALAXIES (NON-ABELL) WITH COOLING FLOW
1019,0723290101,PN,S003,63.1,355.7,-37.7,SPT-CL J2040-4451,CLUSTER OF GALAXIES (NON-ABELL) WITH COOLING FLOW
1020,0691820101,MOS1,S001,45.5,346.3,-30.3,Abell 3653,CLUSTER OF GALAXIES ABELL CLASS 0
1021,0691820101,MOS2,S002,46.6,346.3,-30.3,Abell 3653,CLUSTER OF GALAXIES ABELL CLASS 0
1022,0691820101,PN,S003,35.8,346.3,-30.3,Abell 3653,CLUSTER OF GALAXIES ABELL CLASS 0
1023,0670300301,MOS1,S001,8.2,16.1,-14.4,ESO 593-IG8,IRREGULAR GALAXY
1024,0670300301,MOS1,U002,26.2,16.1,-14.4,ESO 593-IG8,IRREGULAR GALAXY
1025,0670300301,PN,S003,25.1,16.1,-14.4,ESO 593-IG8,IRREGULAR GALAXY
1026,0112540101,MOS1,S001,15.2,351.5,12.8,Tau Scorpii,STAR B0V
1027,0112540101,MOS2,S002,15.3,351.5,12.8,Tau Scorpii,STAR B0V
1028,0087940101,MOS1,S001,34.0,337.2,-0.7,G337.2-0.7,SNR
1029,0087940101,MOS2,S002,34.7,337.2,-0.7,G337.2-0.7,SNR
1030,0085581301,MOS1,S001,9.0,5.1,-6.2,NOVA Sgr 1998,CV CLASSICAL NOVA
1031,0085581301,MOS2,S002,8.7,5.1,-6.2,NOVA Sgr 1998,CV CLASSICAL NOVA
1032,0306700101,MOS2,S002,5.1,6.4,3.8,G6.4+4.0E,SNR SHELL
1033,0303230601,MOS1,S001,16.7,14.1,3.7,IGR J18027-1455,SEYFERT RADIO QUIET TYPE 1
1034,0303230601,PN,S003,12.4,14.1,3.7,IGR J18027-1455,SEYFERT RADIO QUIET TYPE 1
1035,0671850301,MOS1,S002,15.6,15.9,-12.7,SWIFTJ1907-2050,CV INTERMEDIATE POLAR COHERENT OSCILLATIONS
1036,0671850301,PN,S001,10.7,15.9,-12.7,SWIFTJ1907-2050,CV INTERMEDIATE POLAR COHERENT OSCILLATIONS
1037,0506500101,PN,S003,19.4,19.8,10.4,RS Oph,CV RECURRENT NOVA OSCILLATIONS
1038,0112790101,MOS1,S002,19.7,29.0,-15.5,RX J1940.1-1025,CV AM HER (POLAR)
1039,0112790101,MOS2,S003,19.9,29.0,-15.5,RX J1940.1-1025,CV AM HER (POLAR)
1040,0021750401,PN,S006,5.2,321.5,-15.3,AlphaTrA,STAR K2II
1041,0201000401,MOS1,S001,16.8,335.6,-0.4,IGRJ16318-4848,HMXRB
1042,0201000401,PN,S003,13.2,335.6,-0.4,IGRJ16318-4848,HMXRB
1043,0305580101,MOS2,S002,22.7,43.0,0.8,SGR 1900+14,GAMMA RAY BURSTS SOFT REPEATER
1044,0110011301,PN,S005,4.2,315.4,-2.2,RCW 86 (NE),OB ASSOCIATION/HII REGION
1045,0021750101,MOS2,S005,8.9,321.5,-15.3,AlphaTrA,STAR K2II
1046,0147420401,MOS1,S003,6.9,20.7,27.3,NGC 6240,IR GALAXY RADIO QUIET TYPE 2
1047,0654440401,PN,S003,10.8,28.7,-33.6,RXC J2048.1-1750,CLUSTER OF GALAXIES ABELL CLASS 1
1048,0781760101,MOS1,S001,60.5,357.3,-6.1,1RXS J180408.9-34205,LMXRB BURSTER SOFT TRANSIENT
1049,0405390401,MOS2,S003,13.2,323.4,-1.7,IGRJ15359-5750,UNIDENTIFIED
1050,0017740701,MOS1,S007,20.2,33.0,2.0,Galactic Ridge 2,EXTENDED GALACTIC OR EXTRAGALACTIC
1051,0017740701,MOS2,S008,19.1,33.0,2.0,Galactic Ridge 2,EXTENDED GALACTIC OR EXTRAGALACTIC
1052,0112230901,MOS1,S001,8.6,6.6,30.7,A2163 of3,CLUSTER OF GALAXIES ABELL CLASS 2
1053,0112230901,MOS2,S002,9.1,6.6,30.7,A2163 of3,CLUSTER OF GALAXIES ABELL CLASS 2
1054,0112230901,PN,S003,3.5,6.6,30.7,A2163 of3,CLUSTER OF GALAXIES ABELL CLASS 2
1055,0784770601,PN,S003,12.8,27.3,-26.2,PSR J2017-16,RADIO PULSAR
1056,0692790201,MOS2,S002,27.9,332.2,23.9,Cen X-4,LMXRB BURSTER
1057,0692790201,PN,S003,18.6,332.2,23.9,Cen X-4,LMXRB BURSTER
1058,0651680401,MOS1,S001,25.4,33.3,1.1,IGR J18482+0049,UNIDENTIFIED
1059,0651680401,PN,S003,19.3,33.3,1.1,IGR J18482+0049,UNIDENTIFIED
1060,0503750301,PN,U002,16.8,338.2,-26.7,ESO 141- G 055,SEYFERT
1061,0051940101,MOS2,S002,7.1,19.4,0.3,XGPS_001,EXTENDED GALACTIC OR EXTRAGALACTIC
1062,0674490401,MOS1,S001,24.7,341.2,-36.1,SPT-CLJ2032-5627,CLUSTER OF GALAXIES (NON-ABELL) WITH COOLING FLOW
1063,0112231001,MOS1,S001,23.2,6.5,30.3,A2163 of4,CLUSTER OF GALAXIES ABELL CLASS 2
1064,0112231001,MOS2,S002,22.9,6.5,30.3,A2163 of4,CLUSTER OF GALAXIES ABELL CLASS 2
1065,0112231001,PN,S003,17.9,6.5,30.3,A2163 of4,CLUSTER OF GALAXIES ABELL CLASS 2
1066,0780510401,MOS1,S001,36.1,329.8,-32.4,HD 190248,STAR G8IV
1067,0780510401,MOS2,S002,36.4,329.8,-32.4,HD 190248,STAR G8IV
1068,0113070101,MOS2,S003,7.9,33.1,32.4,nps_pos1,SNR
1069,0741891501,MOS1,S002,11.6,29.4,9.8,NPS 15,X-RAY BACKGROUND
1070,0741891501,MOS2,S003,12.2,29.4,9.8,NPS 15,X-RAY BACKGROUND
1071,0741891501,PN,S001,5.2,29.4,9.8,NPS 15,X-RAY BACKGROUND
1072,0085680601,MOS2,S003,10.7,338.9,-4.3,GX 339-4,LMXRB GLOBULAR CLUSTER BLACK HOLE
1073,0081340501,MOS1,S001,6.4,358.8,-32.4,IRAS20100-41,IR GALAXY
1074,0304080401,MOS2,S002,22.8,350.4,-32.6,PKS 2005-489,BL LAC RADIO LOUD FLAT RADIO SP
1075,0065820201,MOS1,S007,16.9,31.6,5.3,Serpens exposure 2,STAR FORMING REGION
1076,0065820201,MOS2,S008,17.4,31.6,5.3,Serpens exposure 2,STAR FORMING REGION
1077,0104460701,MOS1,U002,6.3,19.2,0.0,RIDGE_1,X-RAY BACKGROUND
1078,0104460701,MOS2,U002,5.9,19.2,0.0,RIDGE_1,X-RAY BACKGROUND
1079,0104460701,PN,U002,3.7,19.2,0.0,RIDGE_1,X-RAY BACKGROUND
1080,0400390201,MOS1,S002,24.9,33.7,0.0,PSR J1852+0040,X-RAY PULSATOR
1081,0720173901,MOS1,S001,31.4,38.3,-7.3,CoRoT 2a,STAR G7V
1082,0720173901,MOS2,S002,31.9,38.3,-7.3,CoRoT 2a,STAR G7V
1083,0720173901,PN,S003,23.5,38.3,-7.3,CoRoT 2a,STAR G7V
1084,0404520201,MOS1,S001,31.7,8.3,-35.2,Abell 3693,CLUSTER OF GALAXIES ABELL CLASS 1
1085,0404520201,PN,S003,21.9,8.3,-35.2,Abell 3693,CLUSTER OF GALAXIES ABELL CLASS 1
1086,0784530201,MOS1,S008,19.5,327.0,-15.8,PKS 1718-649,LINER RADIO LOUD/STEEP SPECT STEEP RADIO SP
1087,0741891801,MOS2,S003,18.8,29.7,10.7,NPS 18,X-RAY BACKGROUND
1088,0074140201,MOS2,S002,9.0,330.9,-0.9,4U 1608-52,"LMXRB GLOBULAR CLUSTER QPO, PULSAR AND BURSTS SOFT TRANSIENT"
1089,0651680101,MOS1,S001,17.5,32.3,-1.0,IGR J18538-0102,UNIDENTIFIED
1090,0008820301,MOS2,S002,7.4,18.4,1.6,HD168112,STAR O6III
1091,0674330501,MOS2,S002,11.4,329.9,20.5,PKS 1454-354,BL LAC RADIO LOUD/FLAT SPECT FLAT RADIO SP
1092,0051940501,MOS2,S002,8.1,20.2,0.3,XGPS_005,EXTENDED GALACTIC OR EXTRAGALACTIC
1093,0112230801,MOS1,S001,16.9,7.0,30.6,A2163 of2,CLUSTER OF GALAXIES ABELL CLASS 2
1094,0112230801,MOS2,S002,17.2,7.0,30.6,A2163 of2,CLUSTER OF GALAXIES ABELL CLASS 2
1095,0112230801,PN,S003,11.3,7.0,30.6,A2163 of2,CLUSTER OF GALAXIES ABELL CLASS 2
1096,0051940201,MOS1,S001,7.1,19.4,-0.3,XGPS_002,UNDEFINED
1097,0721010401,MOS2,S002,104.1,10.4,11.2,PDS 456,QSO RADIO QUIET TYPE 1
1098,0202950301,MOS2,S002,8.7,16.9,-1.3,LS 5039,HMXRB JETS
1099,0017740601,MOS2,S008,21.3,33.0,2.0,Galactic Ridge 2,EXTENDED GALACTIC OR EXTRAGALACTIC
1100,0721010601,MOS1,S001,85.7,10.4,11.2,PDS 456,QSO RADIO QUIET TYPE 1
1101,0101640101,MOS1,S002,9.8,20.7,27.3,NGC 6240,IR GALAXY RADIO QUIET TYPE 2
1102,0101640101,MOS2,S003,10.1,20.7,27.3,NGC 6240,IR GALAXY RADIO QUIET TYPE 2
1103,0101640101,PN,S001,7.2,20.7,27.3,NGC 6240,IR GALAXY RADIO QUIET TYPE 2
1104,0743010301,MOS1,S001,8.2,16.7,25.7,2MFGC 13496,SEYFERT RADIO QUIET TYPE 2
1105,0743010301,PN,S003,3.1,16.7,25.7,2MFGC 13496,SEYFERT RADIO QUIET TYPE 2
1106,0741891201,MOS1,S002,20.0,29.1,8.9,NPS 12,X-RAY BACKGROUND
1107,0741891201,MOS2,S003,19.6,29.1,8.9,NPS 12,X-RAY BACKGROUND
1108,0741891201,PN,S001,13.8,29.1,8.9,NPS 12,X-RAY BACKGROUND
1109,0652350801,PN,S003,8.2,353.6,16.1,ROXs 39,T TAURI STAR
1110,0655380901,MOS1,S001,16.0,10.0,41.5,NGC5990,SEYFERT RADIO QUIET TYPE 2
1111,0103261201,MOS2,S002,5.1,350.5,-0.5,PSR B1719-37,RADIO PULSAR
1112,0103261201,PN,S003,3.1,350.5,-0.5,PSR B1719-37,RADIO PULSAR
1113,0085280601,MOS1,S001,12.7,18.4,16.0,NGC6366,LMXRB GLOBULAR CLUSTER
1114,0085280601,MOS2,S002,13.4,18.4,16.0,NGC6366,LMXRB GLOBULAR CLUSTER
1115,0741891401,MOS1,S002,21.4,29.3,9.5,NPS 14,X-RAY BACKGROUND
1116,0741891401,PN,S001,14.9,29.3,9.5,NPS 14,X-RAY BACKGROUND
1117,0741890801,MOS1,S002,22.6,28.9,7.7,NPS 8,X-RAY BACKGROUND
1118,0741890801,MOS2,S003,22.1,28.9,7.7,NPS 8,X-RAY BACKGROUND
1119,0741890801,PN,S001,14.2,28.9,7.7,NPS 8,X-RAY BACKGROUND
1120,0691320701,MOS1,S001,13.7,17.9,-34.3,BZBJ2038-2636,BL LAC RADIO LOUD FLAT RADIO SP
1121,0720173301,MOS1,S001,32.4,38.3,-7.3,CoRoT 2a,STAR G7V
1122,0720173301,MOS2,S002,32.5,38.3,-7.3,CoRoT 2a,STAR G7V
1123,0720173301,PN,S003,25.5,38.3,-7.3,CoRoT 2a,STAR G7V
1124,0140950101,MOS2,S002,8.3,321.4,15.0,NGC5643,SEYFERT RADIO QUIET TYPE 2
1125,0504810601,PN,S005,13.3,315.8,-2.3,RCW 86 NE,SNR SHELL
1126,0720174301,MOS1,S001,26.3,38.3,-7.3,CoRoT 2a,STAR G7V
1127,0762950101,MOS1,S001,21.0,20.9,38.0,PSZ1G020.72+38.01,CLUSTER OF GALAXIES (NON-ABELL)
1128,0300810301,MOS1,S001,6.5,341.5,-27.8,NGC 6799,ELLIPTICAL GALAXY
1129,0741680101,MOS2,S002,21.9,356.3,33.6,HD 140283,STAR F3V
1130,0675010901,MOS1,U002,40.2,342.5,-39.7,SPT-CLJ2057-5500,CLUSTER OF GALAXIES (NON-ABELL) WITH COOLING FLOW
1131,0675010901,PN,U002,30.5,342.5,-39.7,SPT-CLJ2057-5500,CLUSTER OF GALAXIES (NON-ABELL) WITH COOLING FLOW
1132,0405380501,PN,S003,19.0,332.5,-23.6,ESO 104-G11,SEYFERT RADIO QUIET TYPE 2
1133,0402920101,MOS1,S001,20.6,333.1,0.5,IGR J16167-4957,HMXRB X-RAY PULSAR
1134,0402920101,MOS2,S002,20.4,333.1,0.5,IGR J16167-4957,HMXRB X-RAY PULSAR
1135,0112230701,MOS1,S001,13.6,6.9,30.3,A2163 of1,CLUSTER OF GALAXIES ABELL CLASS 2
1136,0112230701,MOS2,S002,13.5,6.9,30.3,A2163 of1,CLUSTER OF GALAXIES ABELL CLASS 2
1137,0112230701,PN,S003,7.5,6.9,30.3,A2163 of1,CLUSTER OF GALAXIES ABELL CLASS 2
1138,0741890701,MOS1,U002,9.3,28.8,7.4,NPS 7,X-RAY BACKGROUND
1139,0741890701,MOS2,U002,9.2,28.8,7.4,NPS 7,X-RAY BACKGROUND
1140,0404710401,MOS1,S001,19.7,352.5,-27.1,QS Tel,CV AM HER (POLAR)
1141,0404710401,MOS2,S002,20.4,352.5,-27.1,QS Tel,CV AM HER (POLAR)
1142,0204710701,PN,S003,2.8,332.1,-15.9,CIZAJ1744.9-6044,CLUSTER OF GALAXIES
1143,0741891001,MOS1,S002,21.3,29.0,8.3,NPS 10,X-RAY BACKGROUND
1144,0741891701,MOS1,S002,22.1,29.6,10.4,NPS 17,X-RAY BACKGROUND
1145,0741891701,MOS2,S003,22.6,29.6,10.4,NPS 17,X-RAY BACKGROUND
1146,0741891701,PN,S001,15.0,29.6,10.4,NPS 17,X-RAY BACKGROUND
1147,0201902201,MOS2,S002,21.8,18.3,-28.5,RXCJ2014.8-2430,CLUSTER OF GALAXIES
1148,0201902201,PN,S003,13.5,18.3,-28.5,RXCJ2014.8-2430,CLUSTER OF GALAXIES
1149,0690800301,PN,U003,12.8,315.7,-0.7,alpha Cen,STAR G2V
1150,0741891601,MOS1,S002,11.6,29.5,10.1,NPS 16,X-RAY BACKGROUND
1151,0741891601,MOS2,S003,13.6,29.5,10.1,NPS 16,X-RAY BACKGROUND
1152,0720173701,MOS2,S002,25.7,38.3,-7.3,CoRoT 2a,STAR G7V
1153,0673180401,MOS1,S001,18.8,341.9,-32.1,CL 2003-5556,GROUP OF GALAXIES
1154,0673180401,PN,S003,12.8,341.9,-32.1,CL 2003-5556,GROUP OF GALAXIES
1155,0142630301,MOS1,S001,15.3,347.1,21.5,3 Sco,STAR B8III
1156,0142630301,MOS2,S002,15.9,347.1,21.5,3 Sco,STAR B8III
1157,0142630301,PN,S003,11.1,347.1,21.5,3 Sco,STAR B8III
1158,0724380101,MOS1,S001,17.2,26.2,23.6,GJ 1214,STAR M5V
1159,0724380101,MOS2,S002,19.2,26.2,23.6,GJ 1214,STAR M5V
1160,0724380101,PN,S003,12.6,26.2,23.6,GJ 1214,STAR M5V
1161,0017740401,MOS2,S008,24.9,33.1,-0.0,Galactic Ridge 1,EXTENDED GALACTIC OR EXTRAGALACTIC
1162,0017740401,PN,S009,17.6,33.1,-0.0,Galactic Ridge 1,EXTENDED GALACTIC OR EXTRAGALACTIC
1163,0305590401,MOS2,S002,20.4,38.2,-7.7,176B,UNIDENTIFIED
1164,0085581401,MOS1,S001,7.2,6.6,7.8,NOVA Oph 1998,CV CLASSICAL NOVA
1165,0720173401,MOS2,S002,23.4,38.3,-7.3,CoRoT 2a,STAR G7V
1166,0136030101,MOS2,S010,15.6,32.4,0.1,G32.45+0.1,SNR SHELL
1167,0146340601,PN,S003,5.0,330.9,-20.8,PKS 1814-637,RADIO GALAXY RADIO LOUD/STEEP SPECT TYPE 2
1168,0147420501,PN,S002,2.0,20.7,27.3,NGC 6240,IR GALAXY RADIO QUIET TYPE 2
1169,0105460301,MOS1,S002,17.4,332.4,7.0,RXJ1548.2-4528,X-RAY BINARY
1170,0105460301,PN,S001,15.8,332.4,7.0,RXJ1548.2-4528,X-RAY BINARY
1171,0044741401,MOS1,S003,8.9,29.9,11.4,70 Oph,STAR K0V
1172,0720174001,MOS2,S002,25.2,38.3,-7.3,CoRoT 2a,STAR G7V
1173,0204970301,MOS1,S001,27.6,33.7,0.0,CXOUJ185238.6+004020,UNIDENTIFIED
1174,0204970301,MOS2,S002,28.0,33.7,0.0,CXOUJ185238.6+004020,UNIDENTIFIED
1175,0690680401,MOS1,S001,26.8,331.3,13.8,delta Lup,STAR B2IV
1176,0690680401,MOS2,S002,26.9,331.3,13.8,delta Lup,STAR B2IV
1177,0690680401,PN,S003,22.6,331.3,13.8,delta Lup,STAR B2IV
1178,0741890501,MOS2,S003,23.6,28.6,6.8,NPS 5,X-RAY BACKGROUND
1179,0741890501,PN,S001,15.1,28.6,6.8,NPS 5,X-RAY BACKGROUND
1180,0113050601,MOS1,S001,13.1,332.4,-0.4,1E 1613-5055,ISOLATED NEUTRON STAR
1181,0113050601,MOS2,S002,13.9,332.4,-0.4,1E 1613-5055,ISOLATED NEUTRON STAR
1182,0153190101,MOS2,U002,16.1,353.8,7.3,X1658-298,LMXRB BURSTER ECLIPSING DIPPER
1183,0065820501,MOS1,S007,9.6,31.6,5.3,Serpens exposure 1,STAR FORMING REGION
1184,0741891101,MOS1,S002,22.1,29.1,8.6,NPS 11,X-RAY BACKGROUND
1185,0741891101,PN,S001,14.9,29.1,8.6,NPS 11,X-RAY BACKGROUND
1186,0302970601,PN,U002,3.6,30.3,-0.5,SB-1,CLOUD
1187,0673720401,MOS1,S006,16.1,22.2,-0.2,XGPS-3,STAR B0
1188,0673720401,MOS2,S007,16.5,22.2,-0.2,XGPS-3,STAR B0
1189,0728370801,MOS2,S003,16.9,28.1,-0.7,IGR J18450-0435,HMXRB SUPERGIANT BURSTER
1190,0722550301,MOS2,S002,23.3,327.2,-17.8,Swift J1741.5-6548,LMXRB X-RAY PULSAR SOFT TRANSIENT
1191,0201730101,PN,S003,7.6,36.1,8.3,NGC 6633,OPEN STAR CLUSTER
1192,0762920401,MOS1,S001,12.5,17.6,-39.8,ESO 464-G016,SEYFERT RADIO QUIET TYPE 2
1193,0722160701,MOS1,S003,13.8,13.0,-35.4,ASASSN-15oi,SUPERMASSIVE BLACK HOLE
1194,0654480101,MOS1,S001,8.5,22.5,-0.1,G22.7-0.2-Q3,SUPERNOVA TYPE II
1195,0724690501,PN,S003,18.2,39.6,-6.1,HD 182640,STAR F0V
1196,0306290101,MOS1,S009,24.5,33.2,12.4,V426 Oph,CV INTERMEDIATE POLAR
1197,0691250401,PN,S003,7.4,332.2,-21.8,AM 1827-625,STARBURST GALAXY
1198,0720173501,MOS1,S001,29.5,38.3,-7.3,CoRoT 2a,STAR G7V
1199,0720173501,MOS2,S002,30.2,38.3,-7.3,CoRoT 2a,STAR G7V
1200,0720173501,PN,U002,19.4,38.3,-7.3,CoRoT 2a,STAR G7V
1201,0017740501,MOS1,S007,18.4,33.1,-0.0,Galactic Ridge 1,EXTENDED GALACTIC OR EXTRAGALACTIC
1202,0017740501,MOS2,S008,18.9,33.1,-0.0,Galactic Ridge 1,EXTENDED GALACTIC OR EXTRAGALACTIC
1203,0017740501,PN,S009,15.5,33.1,-0.0,Galactic Ridge 1,EXTENDED GALACTIC OR EXTRAGALACTIC
1204,0306660101,MOS2,S002,10.1,327.6,14.4,SN 1006 SE,SNR SHELL RADIO PULSAR
1205,0306660101,PN,S003,3.2,327.6,14.4,SN 1006 SE,SNR SHELL RADIO PULSAR
1206,0302560301,PN,S003,12.2,23.2,-0.3,HESS J1834-087,UNIDENTIFIED
1207,0652760201,MOS1,S001,18.2,31.7,-0.8,CI Aql,CV RECURRENT NOVA
1208,0652760201,PN,S003,13.3,31.7,-0.8,CI Aql,CV RECURRENT NOVA
1209,0085180501,PN,S003,10.8,35.7,-4.1,Aql X-1,UNCLASSIFIED
1210,0202890101,MOS2,S002,7.9,352.1,32.5,HP LIB,CV AM HER (POLAR)
1211,0722250201,MOS2,S002,10.1,37.8,1.2,2FGL J1856.2+0450c,GAMMA RAY SOURCE PULSAR
1212,0722160501,PN,S001,8.8,13.0,-35.4,ASASSN-15oi,SUPERMASSIVE BLACK HOLE
1213,0045340901,MOS2,S005,6.3,315.7,-0.7,Alpha Centauri,STAR G2V
1214,0790180601,MOS1,S002,10.0,18.9,3.6,ALS9405,STAR O8I
1215,0790180601,PN,S001,5.9,18.9,3.6,ALS9405,STAR O8I
1216,0402380101,MOS1,S001,23.3,331.3,-12.2,Hen 3-1357,PLANETARY NEBULA
1217,0075140501,PN,S006,21.3,40.1,-3.2,SS433-jet2,X-RAY BINARY BLACK HOLE JETS
1218,0550671901,MOS1,S001,13.0,33.7,0.0,PSR J1852+0040,X-RAY PULSATOR
1219,0679990801,MOS2,S003,5.0,359.9,-17.8,Coronet Cluster,STAR FORMING REGION
1220,0656201701,PN,S003,10.7,337.1,-26.0,PLCK G337.1-26.0,CLUSTER OF GALAXIES
1221,0207010201,MOS1,S001,17.8,31.1,0.2,PSR J1847-0130,RADIO PULSAR
1222,0207010201,PN,S003,14.4,31.1,0.2,PSR J1847-0130,RADIO PULSAR
1223,0051940401,PN,U002,4.7,19.8,-0.3,XGPS_004,EXTENDED GALACTIC OR EXTRAGALACTIC
1224,0721210101,MOS2,S002,8.1,9.6,-12.4,sigma Sgr,STAR B2V
1225,0721210101,PN,S003,6.1,9.6,-12.4,sigma Sgr,STAR B2V
1226,0506430101,PN,U002,15.0,43.0,0.8,SGR 1900+14,GAMMA RAY BURSTS SOFT REPEATER
1227,0406410101,MOS1,S007,23.2,326.1,14.0,VV 780,INTERACTING GALAXY
1228,0302970301,PN,S003,17.1,28.4,0.1,SB-3,CLOUD
1229,0605580401,MOS1,S010,15.4,13.5,-15.8,HD179949,STAR F8V
1230,0741890901,MOS1,S002,22.1,28.9,8.0,NPS 9,X-RAY BACKGROUND
1231,0742820101,MOS1,S001,18.3,38.0,-0.1,2FGL J1901.1+0427,GAMMA RAY SOURCE
1232,0651680501,MOS1,U002,10.4,36.9,1.6,IGR J18532+0416,UNIDENTIFIED
1233,0651680501,PN,U014,4.8,36.9,1.6,IGR J18532+0416,UNIDENTIFIED
1234,0302970801,MOS2,S002,15.0,30.3,-0.5,SB-1,CLOUD
1235,0720750301,MOS1,S001,41.5,341.2,-37.2,2FGL J2039.8-5620,GAMMA RAY SOURCE
1236,0720750301,MOS2,S002,41.5,341.2,-37.2,2FGL J2039.8-5620,GAMMA RAY SOURCE
1237,0720750301,PN,S003,35.3,341.2,-37.2,2FGL J2039.8-5620,GAMMA RAY SOURCE
1238,0780320301,PN,S003,4.6,350.3,20.9,HD 144334,STAR B8V
1239,0152630101,MOS1,S001,8.1,345.0,12.0,SXRB_1,X-RAY BACKGROUND
1240,0152630101,MOS2,S002,8.3,345.0,12.0,SXRB_1,X-RAY BACKGROUND
1241,0152630101,PN,S003,4.3,345.0,12.0,SXRB_1,X-RAY BACKGROUND
1242,0690210401,MOS1,S001,9.4,10.7,-19.0,HD182180,STAR B2V
1243,0204970201,MOS2,S002,29.9,33.7,0.0,CXOUJ185238.6+004020,UNIDENTIFIED
1244,0743520201,MOS2,S002,5.3,35.7,-4.1,Aql X-1,LMXRB
1245,0305580201,MOS2,S002,22.2,43.0,0.8,SGR 1900+14,GAMMA RAY BURSTS SOFT REPEATER
1246,0784610201,MOS1,S007,23.6,332.7,-29.4,1934-63,RADIO GALAXY RADIO LOUD/INVERT SPECT INVERTED RADIO SP
1247,0720581101,MOS2,S002,16.7,315.7,-0.7,alpha Cen,STAR G2V
1248,0201902301,MOS1,S001,14.9,22.9,-29.1,RXCJ2023.0-2056,CLUSTER OF GALAXIES
1249,0201902301,MOS2,S002,15.4,22.9,-29.1,RXCJ2023.0-2056,CLUSTER OF GALAXIES
1250,0201902301,PN,S003,7.4,22.9,-29.1,RXCJ2023.0-2056,CLUSTER OF GALAXIES
1251,0201902401,MOS1,S001,23.4,28.7,-33.6,RXCJ2048.1-1750,CLUSTER OF GALAXIES
1252,0604860401,MOS1,S001,106.0,359.7,-7.2,V4046 Sgr,T TAURI STAR
1253,0672990201,PN,U002,10.8,14.9,-42.4,1FGL J2112.5-3044,GAMMA RAY SOURCE PULSAR
1254,0780290301,MOS1,S001,15.8,353.8,-23.0,1RXS J191744.3-44002,UNCLASSIFIED
1255,0780290301,MOS2,S002,15.7,353.8,-23.0,1RXS J191744.3-44002,UNCLASSIFIED
1256,0741891301,MOS1,S002,24.7,29.2,9.2,NPS 13,X-RAY BACKGROUND
1257,0741891301,MOS2,S003,24.2,29.2,9.2,NPS 13,X-RAY BACKGROUND
1258,0741891301,PN,S001,17.7,29.2,9.2,NPS 13,X-RAY BACKGROUND
1259,0722250301,MOS1,S002,17.8,337.3,1.8,2FGL J1630.1-4615,GAMMA RAY SOURCE PULSAR
1260,0722250301,MOS2,S003,18.0,337.3,1.8,2FGL J1630.1-4615,GAMMA RAY SOURCE PULSAR
1261,0722250301,PN,S001,14.9,337.3,1.8,2FGL J1630.1-4615,GAMMA RAY SOURCE PULSAR
1262,0550120401,PN,S003,18.6,30.1,4.7,IRAS 18268-0025,T TAURI STAR
1263,0100240701,MOS1,S002,17.0,356.2,37.2,UZ LIB,RS CVN STAR
1264,0100240701,MOS2,S003,16.9,356.2,37.2,UZ LIB,RS CVN STAR
1265,0100240701,PN,S001,12.6,356.2,37.2,UZ LIB,RS CVN STAR
1266,0109465301,MOS1,S001,8.7,34.5,15.0,V2301 Oph,CV AM HER (POLAR)
1267,0109465301,MOS2,S002,17.3,34.5,15.0,V2301 Oph,CV AM HER (POLAR)
1268,0203910101,MOS1,S001,6.5,327.2,-0.1,AX J155052-5418,X-RAY PULSATOR
1269,0105460501,MOS1,S002,14.9,332.4,7.0,RXJ1548.2-4528,X-RAY BINARY
1270,0105460501,MOS2,S003,14.9,332.4,7.0,RXJ1548.2-4528,X-RAY BINARY
1271,0105460501,PN,U002,9.9,332.4,7.0,RXJ1548.2-4528,X-RAY BINARY
1272,0109130601,MOS1,S002,7.9,329.8,-23.2,ESO103-G35,SEYFERT TYPE 2
1273,0067340601,PN,S003,7.7,20.0,40.0,Field VI,X-RAY BACKGROUND
1274,0720340601,PN,S003,8.6,337.8,-32.0,NU Pav,STAR M6III
1275,0671850201,MOS1,S002,19.5,41.0,-13.8,IGRJ19552+0044,CV INTERMEDIATE POLAR COHERENT OSCILLATIONS
1276,0671850201,MOS2,S003,22.7,41.0,-13.8,IGRJ19552+0044,CV INTERMEDIATE POLAR COHERENT OSCILLATIONS
1277,0671850201,PN,S001,13.9,41.0,-13.8,IGRJ19552+0044,CV INTERMEDIATE POLAR COHERENT OSCILLATIONS
1278,0760080201,MOS2,S002,20.1,29.4,9.8,NPS 15A,DIFFUSE X-RAY EMISSION
1279,0760080201,PN,S003,12.6,29.4,9.8,NPS 15A,DIFFUSE X-RAY EMISSION
1280,0720174401,MOS1,S001,29.7,38.3,-7.3,CoRoT 2a,STAR G7V
1281,0720174401,MOS2,S002,28.4,38.3,-7.3,CoRoT 2a,STAR G7V
1282,0720174401,PN,S003,21.4,38.3,-7.3,CoRoT 2a,STAR G7V
1283,0670380401,PN,U002,9.6,5.2,-30.9,Gl 783,STAR K2V
1284,0100240801,MOS1,S002,24.5,356.2,37.2,UZ LIB,RS CVN STAR
1285,0100240801,MOS2,S003,24.3,356.2,37.2,UZ LIB,RS CVN STAR
1286,0100240801,PN,S001,18.8,356.2,37.2,UZ LIB,RS CVN STAR
1287,0784370301,PN,S003,16.5,346.3,-40.5,ESO 235-IG 026,AGN UNCLASSIFIED
1288,0152834901,PN,S003,1.7,15.5,-0.0,NXGPS_49,EXTENDED GALACTIC OR EXTRAGALACTIC
1289,0550060901,PN,S003,9.5,315.7,-0.7,alpha Cen,STAR G2V
1290,0693870101,MOS1,S001,46.1,6.4,4.9,PSR J1741-2054,GAMMA RAY SOURCE PULSAR
1291,0720173201,MOS1,S001,26.2,38.3,-7.3,CoRoT 2a,STAR G7V
1292,0720173201,MOS2,S002,26.5,38.3,-7.3,CoRoT 2a,STAR G7V
1293,0720173201,PN,S003,22.2,38.3,-7.3,CoRoT 2a,STAR G7V
1294,0790610101,PN,S003,8.5,43.0,0.8,SGR 1900+14,GAMMA RAY BURSTS SOFT REPEATER
1295,0780320501,MOS1,S001,11.1,350.4,18.1,HD 146001,STAR B8V
1296,0211080201,PN,S003,5.4,38.6,-10.0,SA111-1925,STAR A0
1297,0651680201,PN,S003,8.7,34.7,2.5,IGR J18457+0244,UNIDENTIFIED
1298,0651630201,MOS1,U002,18.0,36.5,21.4,NPS-OFF,X-RAY BACKGROUND
1299,0651630201,PN,U002,11.6,36.5,21.4,NPS-OFF,X-RAY BACKGROUND
1300,0720173601,MOS1,S001,22.7,38.3,-7.3,CoRoT 2a,STAR G7V
1301,0720173601,MOS2,S002,25.0,38.3,-7.3,CoRoT 2a,STAR G7V
1302,0720173601,PN,S003,10.6,38.3,-7.3,CoRoT 2a,STAR G7V
1303,0780290701,MOS1,S001,13.0,334.1,12.5,HD 138995,STAR G6V
1304,0780290701,MOS2,S002,13.8,334.1,12.5,HD 138995,STAR G6V
1305,0203910201,MOS1,S001,5.4,31.3,-0.1,AX J184848-0129,X-RAY PULSATOR
1306,0784771001,MOS1,S001,8.0,343.9,-29.6,PSR J1946-54,RADIO PULSAR
1307,0784771001,MOS2,S002,8.3,343.9,-29.6,PSR J1946-54,RADIO PULSAR
1308,0111510101,MOS1,S001,13.4,11.1,-36.3,AT Microscopii,STAR M4Ve
1309,0111510101,MOS2,S002,13.7,11.1,-36.3,AT Microscopii,STAR M4Ve
1310,0720174201,MOS1,S001,26.3,38.3,-7.3,CoRoT 2a,STAR G7V
1311,0720174201,MOS2,S002,26.8,38.3,-7.3,CoRoT 2a,STAR G7V
1312,0720174201,PN,S003,17.2,38.3,-7.3,CoRoT 2a,STAR G7V
1313,0017740201,MOS1,S007,11.1,33.0,2.0,Galactic Ridge 2,EXTENDED GALACTIC OR EXTRAGALACTIC
1314,0017740201,MOS2,S008,12.2,33.0,2.0,Galactic Ridge 2,EXTENDED GALACTIC OR EXTRAGALACTIC
1315,0017740201,PN,S009,7.3,33.0,2.0,Galactic Ridge 2,EXTENDED GALACTIC OR EXTRAGALACTIC
1316,0791580501,MOS2,S003,7.7,358.6,-17.2,RXJ1856.6-3754,ISOLATED NEUTRON STAR
1317,0109463301,MOS2,S002,6.2,1.3,-33.9,RX J2022-39,CV AM HER (POLAR)
1318,0671871001,MOS1,S001,6.7,24.4,-17.8,PKS 1938-15,RADIO GALAXY RADIO LOUD/STEEP SPECT STEEP RADIO SP
1319,0671871001,PN,S003,4.1,24.4,-17.8,PKS 1938-15,RADIO GALAXY RADIO LOUD/STEEP SPECT STEEP RADIO SP
1320,0400910101,MOS1,S001,9.3,23.4,0.1,G23.5-0.0,SNR COMPOSITE TYPE II
1321,0760080301,PN,S003,13.8,29.5,10.1,NPS 16A,DIFFUSE X-RAY EMISSION
1322,0653050201,MOS1,S007,26.9,341.4,-33.4,Abell 3667 NW Shock,CLUSTER OF GALAXIES ABELL CLASS 0
1323,0653050201,PN,S009,19.6,341.4,-33.4,Abell 3667 NW Shock,CLUSTER OF GALAXIES ABELL CLASS 0
1324,0021750501,MOS2,S005,24.1,321.5,-15.3,AlphaTrA,STAR K2II
1325,0206250201,MOS1,S001,15.7,42.3,13.7,SAX J1818.7+1424,LMXRB BURSTER
1326,0206250201,MOS2,S002,15.1,42.3,13.7,SAX J1818.7+1424,LMXRB BURSTER
1327,0045340101,MOS1,U002,30.0,315.7,-0.7,Alpha Centauri,UNDEFINED
1328,0045340101,MOS2,U002,29.3,315.7,-0.7,Alpha Centauri,UNDEFINED
1329,0800230101,MOS1,S001,14.9,330.1,9.6,Nova Lup 2016,CV CLASSICAL NOVA
1330,0300240201,MOS2,S002,7.7,341.6,30.8,IRAS 15091-2107,IR GALAXY
1331,0692210301,MOS1,U002,5.6,36.6,-0.9,PSR J1901+0254,RADIO PULSAR
1332,0784770701,PN,U003,12.8,338.8,27.0,PSR J1513-25,RADIO PULSAR
1333,0762800401,MOS1,S001,12.2,4.0,-42.0,G003.95-42.01,CLUSTER OF GALAXIES ABELL CLASS >2
1334,0555970301,PN,S003,9.4,345.4,40.5,GRB 080721,GAMMA RAY BURSTS
1335,0304200401,MOS2,S002,15.3,329.8,3.4,HD 330075,STAR G0V
1336,0405550401,MOS1,S001,24.7,332.2,-23.6,RXCJ1847.3-6320,CLUSTER OF GALAXIES ABELL CLASS 0 WITH COOLING FLOW
1337,0405550401,PN,S003,16.0,332.2,-23.6,RXCJ1847.3-6320,CLUSTER OF GALAXIES ABELL CLASS 0 WITH COOLING FLOW
1338,0150190201,MOS1,S001,14.4,339.9,-31.3,V393 Pav,CV AM HER (POLAR)
1339,0744390401,MOS1,S001,17.0,340.2,-33.2,RXCJ2011.3-5725,CLUSTER OF GALAXIES (NON-ABELL)
1340,0692931701,PN,S003,2.7,332.9,-19.3,PLCKESZG332.88-19.28,CLUSTER OF GALAXIES (NON-ABELL)
1341,0101640601,MOS1,S002,6.9,20.7,27.3,NGC 6240,IR GALAXY RADIO QUIET TYPE 2
1342,0674950201,PN,S003,2.9,8.9,12.8,PSR J1719-14,RADIO PULSAR
1343,0765020101,MOS1,S001,10.9,355.4,-24.0,A3638,CLUSTER OF GALAXIES ABELL CLASS 2 WITH COOLING FLOW
1344,0765020101,PN,S003,7.7,355.4,-24.0,A3638,CLUSTER OF GALAXIES ABELL CLASS 2 WITH COOLING FLOW
1345,0152630201,MOS1,S001,6.0,345.0,18.0,SXRB_2,X-RAY BACKGROUND
1346,0304080301,MOS2,S002,16.5,350.4,-32.6,PKS 2005-489,BL LAC RADIO LOUD FLAT RADIO SP
1347,0764100801,MOS1,S001,12.5,40.5,-19.0,WASP-80b,STAR M0V
1348,0764100801,MOS2,S002,11.4,40.5,-19.0,WASP-80b,STAR M0V
1349,0764100801,PN,S003,3.5,40.5,-19.0,WASP-80b,STAR M0V
1350,0306170401,PN,S003,9.9,28.1,-0.7,IGR J18450-0435,HMXRB SUPERGIANT
1351,0065820601,MOS1,S007,10.3,31.6,5.3,Serpens exposure 2,STAR FORMING REGION
1352,0065820601,MOS2,S008,12.0,31.6,5.3,Serpens exposure 2,STAR FORMING REGION
1353,0065820601,PN,S009,5.1,31.6,5.3,Serpens exposure 2,STAR FORMING REGION
1354,0672990401,MOS1,S001,14.6,13.9,31.8,1FGL J1625.3-0019,GAMMA RAY SOURCE PULSAR
1355,0672990401,PN,S003,10.6,13.9,31.8,1FGL J1625.3-0019,GAMMA RAY SOURCE PULSAR
1356,0067340401,MOS1,S001,13.1,25.0,20.0,Field IV,X-RAY BACKGROUND
1357,0765000601,MOS1,S001,14.8,343.8,-26.7,RXCJ1926.9-5342,CLUSTER OF GALAXIES ABELL CLASS 2 WITH COOLING FLOW
1358,0202611301,MOS1,S001,8.3,315.7,-0.7,ALPHA CEN,STAR G2V
1359,0202611301,MOS2,S002,8.2,315.7,-0.7,ALPHA CEN,STAR G2V
1360,0650382901,MOS1,S001,6.2,6.3,37.6,MACSJ1551-02,CLUSTER OF GALAXIES (NON-ABELL)
1361,0650382901,MOS2,S002,6.4,6.3,37.6,MACSJ1551-02,CLUSTER OF GALAXIES (NON-ABELL)
1362,0143630501,MOS1,S001,8.2,315.7,-0.7,Alpha Cen,STAR G2V
1363,0204711001,MOS2,S002,3.3,323.6,-8.7,CIZAJ1614.1-6306,CLUSTER OF GALAXIES
1364,0204711001,PN,S003,1.3,323.6,-8.7,CIZAJ1614.1-6306,CLUSTER OF GALAXIES
1365,0021750601,MOS1,S004,5.9,321.5,-15.3,AlphaTrA,STAR K2II
1366,0021750601,MOS2,S005,5.9,321.5,-15.3,AlphaTrA,STAR K2II
1367,0021750601,PN,S006,3.0,321.5,-15.3,AlphaTrA,STAR K2II
1368,0201951801,MOS1,S001,6.3,355.2,35.8,HR 5777,STAR K1IV
1369,0202611201,MOS2,S002,8.6,315.7,-0.7,ALPHA CEN,STAR G2V
1370,0109463201,MOS2,S002,4.8,330.6,-32.5,V2009-65,CV AM HER (POLAR)
1371,0503320101,PN,S004,4.3,318.3,-0.1,AX J145605-5913,UNIDENTIFIED
1372,0045340401,MOS1,S004,6.8,315.7,-0.7,Alpha Centauri,STAR G2V
1373,0045340401,MOS2,S005,6.9,315.7,-0.7,Alpha Centauri,STAR G2V
1374,0511010501,PN,S003,4.0,317.6,-0.5,SAX J1452.8-5949,EXTENDED GALACTIC OR EXTRAGALACTIC
1375,0045341001,MOS1,S004,7.0,315.7,-0.7,Alpha Centauri,STAR G2V
1376,0045341001,MOS2,S005,7.3,315.7,-0.7,Alpha Centauri,STAR G2V
1377,0103261001,MOS1,S001,5.4,315.7,-4.4,PSR B1449-64,RADIO PULSAR
1378,0405640901,MOS2,S002,10.9,351.5,-0.4,IGR J17252-3616,HMXRB SUPERGIANT X-RAY PULSAR ECLIPSING
1379,0112380101,PN,S003,21.3,348.6,22.4,SCO-CEN PT1,OB ASSOCIATION/HII REGION
1380,0658400901,MOS2,U002,15.7,359.3,-19.4,GRB 111020A,GAMMA RAY BURSTS
1381,0658400901,PN,U002,13.3,359.3,-19.4,GRB 111020A,GAMMA RAY BURSTS
1382,0651460101,PN,S003,25.0,345.4,-41.4,NGC7007,ELLIPTICAL GALAXY
1383,0017740701,PN,S009,9.5,33.0,2.0,Galactic Ridge 2,EXTENDED GALACTIC OR EXTRAGALACTIC
1384,0740640101,PN,U002,27.3,327.2,0.5,Kes 27,SNR COMPOSITE TYPE II
1385,0410180501,MOS1,S002,45.0,19.8,10.4,RS Oph,CV RECURRENT NOVA
1386,0065820201,PN,S009,10.4,31.6,5.3,Serpens exposure 2,STAR FORMING REGION
1387,0017740601,PN,S009,15.2,33.0,2.0,Galactic Ridge 2,EXTENDED GALACTIC OR EXTRAGALACTIC
1388,0112490301,PN,S010,9.2,27.5,2.9,aqui_pos3,MOLECULAR CLOUD
1389,0153190101,PN,S011,8.1,353.8,7.3,X1658-298,LMXRB BURSTER ECLIPSING DIPPER
1390,0065820501,PN,S009,7.1,31.6,5.3,Serpens exposure 1,STAR FORMING REGION
1391,0087940101,PN,U003,23.3,337.2,-0.7,G337.2-0.7,SNR
1392,0059770101,MOS1,S001,38.7,328.5,-14.1,NGC 6300,UNDEFINED
1393,0059770101,MOS2,S002,39.6,328.5,-14.1,NGC 6300,UNDEFINED
1394,0059770101,PN,S003,30.4,328.5,-14.1,NGC 6300,UNDEFINED
1395,0400890201,MOS1,U002,46.3,345.0,2.5,GRO J1655-40_1,LMXRB BLACK HOLE JETS
1396,0400890201,PN,U002,33.6,345.0,2.5,GRO J1655-40_1,LMXRB BLACK HOLE JETS
